Configuration file: C:/Users/User/Documents/GitHub/theonlyasdk.github.io/_config.yml
            Source: C:/Users/User/Documents/GitHub/theonlyasdk.github.io
       Destination: C:/Users/User/Documents/GitHub/theonlyasdk.github.io/_site
 Incremental build: disabled. Enable with --incremental
      Generating... 
                    done in 3.321 seconds.
 Auto-regeneration: enabled for 'C:/Users/User/Documents/GitHub/theonlyasdk.github.io'
    Server address: http://127.0.0.1:4003/
  Server running... press ctrl-c to stop.
[2026-10-06 21:57:30] ERROR Errno::ECONNRESET: An existing connection was forcibly closed by the remote host. @ io_fillbuf - fd:9 
	C:/Users/User/Documents/GitHub/theonlyasdk.github.io/vendor/bundle/ruby/3.3.0/gems/webrick-1.9.2/lib/webrick/httpserver.rb:82:in `eof?'
	C:/Users/User/Documents/GitHub/theonlyasdk.github.io/vendor/bundle/ruby/3.3.0/gems/webrick-1.9.2/lib/webrick/httpserver.rb:82:in `run'
	C:/Users/User/Documents/GitHub/theonlyasdk.github.io/vendor/bundle/ruby/3.3.0/gems/webrick-1.9.2/lib/webrick/server.rb:309:in `block in start_thread'
      Regenerating: 1 file(s) changed at 2026-10-06 22:07:08
                    _includes/sidebar.html
                    ...done in 2.2310934 seconds.
                    
      Regenerating: 1 file(s) changed at 2026-10-06 22:07:14
                    _tmp_serve.log
                    ...done in 1.7113429 seconds.
                    
      Regenerating: 1 file(s) changed at 2026-10-06 22:07:19
                    _tmp_serve.log
                    ...done in 1.7967542 seconds.
                    
      Regenerating: 1 file(s) changed at 2026-10-06 22:07:24
                    _tmp_serve.log
                    ...done in 1.7345284 seconds.
                    
      Regenerating: 1 file(s) changed at 2026-10-06 22:07:27
                    _includes/sidebar.html
                    ...done in 1.8422122 seconds.
                    
      Regenerating: 1 file(s) changed at 2026-10-06 22:07:29
                    _tmp_serve.log
                    ...done in 1.8048499 seconds.
                    
      Regenerating: 1 file(s) changed at 2026-10-06 22:07:35
                    _tmp_serve.log
                    ...done in 1.8219616 seconds.
                    
      Regenerating: 1 file(s) changed at 2026-10-06 22:07:36
                    _tmp_serve.log
                    ...done in 1.730087 seconds.
                    
      Regenerating: 1 file(s) changed at 2026-10-06 22:07:40
                    _tmp_serve.log
                    ...done in 1.7995355 seconds.
                    
      Regenerating: 1 file(s) changed at 2026-10-06 22:07:45
                    _tmp_serve.log
[31m  Liquid Exception: No such file or directory @ dir_s_mkdir - C:/Users/User/Documents/GitHub/theonlyasdk.github.io/.jekyll-cache/Jekyll/Cache/Module/7e in C:/Users/User/Documents/GitHub/theonlyasdk.github.io/_layouts/default.html[0m
[33m             Error: No such file or directory @ dir_s_mkdir - C:/Users/User/Documents/GitHub/theonlyasdk.github.io/.jekyll-cache/Jekyll/Cache/Module/7e[0m
[33m             Error: Run jekyll build --trace for more information.[0m
                    
      Regenerating: 1 file(s) changed at 2026-10-06 22:07:50
                    _tmp_serve.log
                    ...done in 1.7057855 seconds.
                    
      Regenerating: 1 file(s) changed at 2026-10-06 22:07:55
                    _tmp_serve.log
                    ...done in 1.7082166 seconds.
                    
      Regenerating: 1 file(s) changed at 2026-10-06 22:08:00
                    _tmp_serve.log
                    ...done in 1.7263767 seconds.
                    
      Regenerating: 1 file(s) changed at 2026-10-06 22:08:05
                    _tmp_serve.log
                    ...done in 1.6401556 seconds.
                    
      Regenerating: 1 file(s) changed at 2026-10-06 22:08:10
                    _tmp_serve.log
                    ...done in 1.6613527 seconds.
                    
      Regenerating: 1 file(s) changed at 2026-10-06 22:08:12
                    _tmp_serve.log
                    ...done in 1.582432 seconds.
                    
      Regenerating: 1 file(s) changed at 2026-10-06 22:08:15
                    _sass/layout/_sidebar.scss
                    ...done in 1.879483 seconds.
                    
      Regenerating: 1 file(s) changed at 2026-10-06 22:08:17
                    _tmp_serve.log
                    ...done in 1.7960261 seconds.
                    
      Regenerating: 1 file(s) changed at 2026-10-06 22:08:20
                    _tmp_serve.log
                    ...done in 1.7512163 seconds.
                    
      Regenerating: 1 file(s) changed at 2026-10-06 22:08:25
                    _tmp_serve.log
                    ...done in 1.6668442 seconds.
                    
      Regenerating: 1 file(s) changed at 2026-10-06 22:08:30
                    _tmp_serve.log
                    ...done in 1.6169621 seconds.
                    
      Regenerating: 1 file(s) changed at 2026-10-06 22:08:35
                    _tmp_serve.log
                    ...done in 1.6805581 seconds.
                    
      Regenerating: 1 file(s) changed at 2026-10-06 22:08:40
                    _tmp_serve.log
                    ...done in 1.6604937 seconds.
                    
      Regenerating: 1 file(s) changed at 2026-10-06 22:08:45
                    _tmp_serve.log
                    ...done in 1.7411641 seconds.
                    
      Regenerating: 1 file(s) changed at 2026-10-06 22:08:50
                    _tmp_serve.log
                    ...done in 1.795159 seconds.
                    
      Regenerating: 1 file(s) changed at 2026-10-06 22:08:55
                    _tmp_serve.log
                    ...done in 1.8218375 seconds.
                    
      Regenerating: 1 file(s) changed at 2026-10-06 22:09:01
                    _tmp_serve.log
                    ...done in 1.5794698 seconds.
                    
      Regenerating: 1 file(s) changed at 2026-10-06 22:09:06
                    _tmp_serve.log
[31m  Liquid Exception: No such file or directory @ dir_s_mkdir - C:/Users/User/Documents/GitHub/theonlyasdk.github.io/.jekyll-cache/Jekyll/Cache/Module/12 in C:/Users/User/Documents/GitHub/theonlyasdk.github.io/_layouts/default.html[0m
[33m             Error: No such file or directory @ dir_s_mkdir - C:/Users/User/Documents/GitHub/theonlyasdk.github.io/.jekyll-cache/Jekyll/Cache/Module/12[0m
[33m             Error: Run jekyll build --trace for more information.[0m
                    
      Regenerating: 1 file(s) changed at 2026-10-06 22:09:11
                    _tmp_serve.log
                    ...done in 1.5143652 seconds.
                    
      Regenerating: 1 file(s) changed at 2026-10-06 22:09:13
                    _tmp_serve.log
                    ...done in 1.6010338 seconds.
                    
      Regenerating: 1 file(s) changed at 2026-10-06 22:09:16
                    _tmp_serve.log
                    ...done in 1.6073538 seconds.
                    
      Regenerating: 1 file(s) changed at 2026-10-06 22:09:21
                    _tmp_serve.log
                    ...done in 1.5714776 seconds.
                    
      Regenerating: 1 file(s) changed at 2026-10-06 22:09:24
                    _tmp_serve.log
                    ...done in 1.6105661 seconds.
                    
      Regenerating: 1 file(s) changed at 2026-10-06 22:09:27
                    _tmp_serve.log
                    ...done in 1.4869047 seconds.
                    
      Regenerating: 1 file(s) changed at 2026-10-06 22:09:30
                    _tmp_serve.log
                    ...done in 1.5666092 seconds.
                    
      Regenerating: 1 file(s) changed at 2026-10-06 22:09:36
                    _tmp_serve.log
                    ...done in 1.5369003 seconds.
                    
      Regenerating: 1 file(s) changed at 2026-10-06 22:09:41
                    _tmp_serve.log
                    ...done in 1.5362709 seconds.
                    
      Regenerating: 1 file(s) changed at 2026-10-06 22:09:46
                    _tmp_serve.log
                    ...done in 1.5188505 seconds.
                    
      Regenerating: 1 file(s) changed at 2026-10-06 22:09:51
                    _tmp_serve.log
                    ...done in 1.6031179 seconds.
                    
      Regenerating: 1 file(s) changed at 2026-10-06 22:09:56
                    _tmp_serve.log
                    ...done in 1.7231618 seconds.
                    
      Regenerating: 1 file(s) changed at 2026-10-06 22:10:01
                    _tmp_serve.log
                    ...done in 1.6912737 seconds.
                    
      Regenerating: 1 file(s) changed at 2026-10-06 22:10:06
                    _tmp_serve.log
[31m  Liquid Exception: No such file or directory @ dir_s_mkdir - C:/Users/User/Documents/GitHub/theonlyasdk.github.io/.jekyll-cache/Jekyll/Cache/Module/46 in C:/Users/User/Documents/GitHub/theonlyasdk.github.io/_layouts/default.html[0m
[33m             Error: No such file or directory @ dir_s_mkdir - C:/Users/User/Documents/GitHub/theonlyasdk.github.io/.jekyll-cache/Jekyll/Cache/Module/46[0m
[33m             Error: Run jekyll build --trace for more information.[0m
                    
      Regenerating: 1 file(s) changed at 2026-10-06 22:10:09
                    _tmp_serve.log
                    ...done in 1.6688678 seconds.
                    
      Regenerating: 1 file(s) changed at 2026-10-06 22:10:16
                    _tabs/resources.md
                    ...done in 1.830185 seconds.
                    
      Regenerating: 1 file(s) changed at 2026-10-06 22:10:21
                    _tmp_serve.log
                    ...done in 1.6569668 seconds.
                    
      Regenerating: 1 file(s) changed at 2026-10-06 22:10:27
                    _tmp_serve.log
                    ...done in 1.6811044 seconds.
                    
      Regenerating: 1 file(s) changed at 2026-10-06 22:10:32
                    _tmp_serve.log
                    ...done in 1.766567 seconds.
                    
      Regenerating: 1 file(s) changed at 2026-10-06 22:10:37
                    _tmp_serve.log
                    ...done in 1.6886917 seconds.
                    
      Regenerating: 1 file(s) changed at 2026-10-06 22:10:42
                    _tmp_serve.log
                    ...done in 1.7893769 seconds.
                    
      Regenerating: 1 file(s) changed at 2026-10-06 22:10:47
                    _tmp_serve.log
                    ...done in 1.7121834 seconds.
                    
      Regenerating: 1 file(s) changed at 2026-10-06 22:10:52
                    _tmp_serve.log
                    ...done in 1.7025346 seconds.
                    
      Regenerating: 1 file(s) changed at 2026-10-06 22:10:57
                    _tmp_serve.log
                    ...done in 1.8175877 seconds.
                    
      Regenerating: 1 file(s) changed at 2026-10-06 22:10:59
                    _tabs/resources.md
                    ...done in 1.8397355 seconds.
                    
      Regenerating: 1 file(s) changed at 2026-10-06 22:11:02
                    _tmp_serve.log
                    ...done in 1.7459813 seconds.
                    
      Regenerating: 1 file(s) changed at 2026-10-06 22:11:11
                    _tabs/resources.md
                    ...done in 1.8570357 seconds.
                    
      Regenerating: 1 file(s) changed at 2026-10-06 22:11:18
                    _tmp_serve.log
                    ...done in 1.6779776 seconds.
                    
      Regenerating: 1 file(s) changed at 2026-10-06 22:11:23
                    _tmp_serve.log
                    ...done in 1.6163278 seconds.
                    
      Regenerating: 1 file(s) changed at 2026-10-06 22:11:28
                    _tmp_serve.log
                    ...done in 1.7021148 seconds.
                    
      Regenerating: 1 file(s) changed at 2026-10-06 22:11:31
                    _tabs/resources.md
                    ...done in 1.8091033 seconds.
                    
      Regenerating: 1 file(s) changed at 2026-10-06 22:11:33
                    _tmp_serve.log
                    ...done in 1.8129298 seconds.
                    
      Regenerating: 1 file(s) changed at 2026-10-06 22:11:38
                    _tmp_serve.log
                    ...done in 1.6381372 seconds.
                    
      Regenerating: 1 file(s) changed at 2026-10-06 22:11:43
                    _tmp_serve.log
                    ...done in 1.5302546 seconds.
                    
      Regenerating: 1 file(s) changed at 2026-10-06 22:11:48
                    _tmp_serve.log
                    ...done in 1.6145458 seconds.
                    
      Regenerating: 1 file(s) changed at 2026-10-06 22:11:53
                    _tmp_serve.log
                    ...done in 1.6413345 seconds.
                    
      Regenerating: 1 file(s) changed at 2026-10-06 22:11:58
                    _tmp_serve.log
                    ...done in 1.6454711 seconds.
                    
      Regenerating: 1 file(s) changed at 2026-10-06 22:12:03
                    _tmp_serve.log
                    ...done in 1.6138146 seconds.
                    
      Regenerating: 1 file(s) changed at 2026-10-06 22:12:08
                    _tmp_serve.log
                    ...done in 1.6454234 seconds.
                    
      Regenerating: 1 file(s) changed at 2026-10-06 22:12:13
                    _tmp_serve.log
                    ...done in 1.6722759 seconds.
                    
      Regenerating: 1 file(s) changed at 2026-10-06 22:12:18
                    _tmp_serve.log
                    ...done in 1.6823891 seconds.
                    
      Regenerating: 1 file(s) changed at 2026-10-06 22:12:23
                    _tmp_serve.log
                    ...done in 1.7643788 seconds.
                    
      Regenerating: 1 file(s) changed at 2026-10-06 22:12:28
                    _tmp_serve.log
                    ...done in 1.7092889 seconds.
                    
      Regenerating: 1 file(s) changed at 2026-10-06 22:12:34
                    _tmp_serve.log
                    ...done in 2.1798324 seconds.
                    
      Regenerating: 1 file(s) changed at 2026-10-06 22:12:39
                    _tmp_serve.log
                    ...done in 1.8167081 seconds.
                    
      Regenerating: 1 file(s) changed at 2026-10-06 22:12:44
                    _tmp_serve.log
                    ...done in 1.8106276 seconds.
                    
      Regenerating: 1 file(s) changed at 2026-10-06 22:12:49
                    _tmp_serve.log
                    ...done in 1.6864568 seconds.
                    
      Regenerating: 1 file(s) changed at 2026-10-06 22:12:54
                    _tmp_serve.log
                    ...done in 1.7841533 seconds.
                    
      Regenerating: 1 file(s) changed at 2026-10-06 22:12:59
                    _tmp_serve.log
                    ...done in 1.8146098 seconds.
                    
      Regenerating: 1 file(s) changed at 2026-10-06 22:13:04
                    _tmp_serve.log
                    ...done in 1.6827413 seconds.
                    
      Regenerating: 1 file(s) changed at 2026-10-06 22:13:09
                    _tmp_serve.log
                    ...done in 1.6705852 seconds.
                    
      Regenerating: 1 file(s) changed at 2026-10-06 22:13:14
                    _tmp_serve.log
                    ...done in 1.6879635 seconds.
                    
      Regenerating: 1 file(s) changed at 2026-10-06 22:13:16
                    _tmp_serve.log
                    ...done in 1.7021615 seconds.
                    
      Regenerating: 1 file(s) changed at 2026-10-06 22:13:19
                    _tmp_serve.log
                    ...done in 1.7219984 seconds.
                    
      Regenerating: 1 file(s) changed at 2026-10-06 22:13:24
                    _tmp_serve.log
                    ...done in 1.8176953 seconds.
                    
      Regenerating: 1 file(s) changed at 2026-10-06 22:13:29
                    _tmp_serve.log
                    ...done in 1.6798513 seconds.
                    
      Regenerating: 1 file(s) changed at 2026-10-06 22:13:34
                    _tmp_serve.log
                    ...done in 1.7205131 seconds.
                    
      Regenerating: 1 file(s) changed at 2026-10-06 22:13:39
                    _tmp_serve.log
                    ...done in 1.79158 seconds.
                    
      Regenerating: 1 file(s) changed at 2026-10-06 22:13:44
                    _tmp_serve.log
                    ...done in 1.7069997 seconds.
                    
      Regenerating: 1 file(s) changed at 2026-10-06 22:13:49
                    _tmp_serve.log
                    ...done in 1.7224477 seconds.
                    
      Regenerating: 1 file(s) changed at 2026-10-06 22:13:54
                    _tmp_serve.log
                    ...done in 1.8043904 seconds.
                    
      Regenerating: 1 file(s) changed at 2026-10-06 22:13:59
                    _tmp_serve.log
                    ...done in 1.6930797 seconds.
                    
      Regenerating: 1 file(s) changed at 2026-10-06 22:14:05
                    _tmp_serve.log
                    ...done in 1.6868839 seconds.
                    
      Regenerating: 1 file(s) changed at 2026-10-06 22:14:10
                    _tmp_serve.log
                    ...done in 1.7018025 seconds.
                    
      Regenerating: 1 file(s) changed at 2026-10-06 22:14:13
                    _tmp_serve.log
                    ...done in 1.8085097 seconds.
                    
      Regenerating: 1 file(s) changed at 2026-10-06 22:14:19
                    .well-known/appspecific/com.chrome.devtools.json
                    ...done in 1.737669 seconds.
                    
      Regenerating: 1 file(s) changed at 2026-10-06 22:14:20
                    _tmp_serve.log
                    ...done in 1.6983918 seconds.
                    
      Regenerating: 1 file(s) changed at 2026-10-06 22:14:25
                    _tmp_serve.log
                    ...done in 1.8557336 seconds.
                    
      Regenerating: 1 file(s) changed at 2026-10-06 22:14:30
                    _tmp_serve.log
                    ...done in 1.727692 seconds.
                    
      Regenerating: 1 file(s) changed at 2026-10-06 22:14:35
                    _tmp_serve.log
                    ...done in 1.7627256 seconds.
                    
      Regenerating: 1 file(s) changed at 2026-10-06 22:14:40
                    _tmp_serve.log
                    ...done in 1.8690928 seconds.
                    
      Regenerating: 1 file(s) changed at 2026-10-06 22:14:45
                    _tmp_serve.log
                    ...done in 1.7521483 seconds.
                    
      Regenerating: 1 file(s) changed at 2026-10-06 22:14:50
                    _tmp_serve.log
                    ...done in 1.86767 seconds.
                    
      Regenerating: 1 file(s) changed at 2026-10-06 22:14:55
                    _tmp_serve.log
                    ...done in 1.7939828 seconds.
                    
      Regenerating: 1 file(s) changed at 2026-10-06 22:15:00
                    _tmp_serve.log
                    ...done in 1.845395 seconds.
                    
      Regenerating: 1 file(s) changed at 2026-10-06 22:15:05
                    _tmp_serve.log
                    ...done in 1.8598462 seconds.
                    
      Regenerating: 1 file(s) changed at 2026-10-06 22:15:10
                    _tmp_serve.log
                    ...done in 1.8738967 seconds.
                    
      Regenerating: 1 file(s) changed at 2026-10-06 22:15:15
                    _tmp_serve.log
                    ...done in 1.8671686 seconds.
                    
      Regenerating: 1 file(s) changed at 2026-10-06 22:15:20
                    _tmp_serve.log
                    ...done in 1.7933058 seconds.
                    
      Regenerating: 1 file(s) changed at 2026-10-06 22:15:25
                    _tmp_serve.log
                    ...done in 1.8923606 seconds.
                    
      Regenerating: 1 file(s) changed at 2026-10-06 22:15:31
                    _tmp_serve.log
                    ...done in 1.884612 seconds.
                    
      Regenerating: 1 file(s) changed at 2026-10-06 22:15:36
                    _tmp_serve.log
                    ...done in 1.7396623 seconds.
                    
      Regenerating: 1 file(s) changed at 2026-10-06 22:15:41
                    _tmp_serve.log
                    ...done in 1.8176943 seconds.
                    
      Regenerating: 1 file(s) changed at 2026-10-06 22:15:46
                    _tmp_serve.log
                    ...done in 1.8944793 seconds.
                    
      Regenerating: 1 file(s) changed at 2026-10-06 22:15:51
                    _tmp_serve.log
                    ...done in 1.8108464 seconds.
                    
      Regenerating: 1 file(s) changed at 2026-10-06 22:15:56
                    _tmp_serve.log
[31m  Liquid Exception: No such file or directory @ dir_s_mkdir - C:/Users/User/Documents/GitHub/theonlyasdk.github.io/.jekyll-cache/Jekyll/Cache/Module/7e in C:/Users/User/Documents/GitHub/theonlyasdk.github.io/_layouts/default.html[0m
[33m             Error: No such file or directory @ dir_s_mkdir - C:/Users/User/Documents/GitHub/theonlyasdk.github.io/.jekyll-cache/Jekyll/Cache/Module/7e[0m
[33m             Error: Run jekyll build --trace for more information.[0m
                    
      Regenerating: 1 file(s) changed at 2026-10-06 22:16:01
                    _tmp_serve.log
                    ...done in 1.7536112 seconds.
                    
      Regenerating: 1 file(s) changed at 2026-10-06 22:16:06
                    _tmp_serve.log
                    ...done in 1.7715844 seconds.
                    
      Regenerating: 1 file(s) changed at 2026-10-06 22:16:11
                    _tmp_serve.log
                    ...done in 1.7721195 seconds.
                    
      Regenerating: 1 file(s) changed at 2026-10-06 22:16:16
                    _tmp_serve.log
                    ...done in 1.830246 seconds.
                    
      Regenerating: 1 file(s) changed at 2026-10-06 22:16:46
                    _sass/layout/_sidebar.scss
                    ...done in 1.7978354 seconds.
                    
      Regenerating: 1 file(s) changed at 2026-10-06 22:16:52
                    _tmp_serve.log
                    ...done in 1.7186667 seconds.
                    
      Regenerating: 1 file(s) changed at 2026-10-06 22:16:57
                    _tmp_serve.log
                    ...done in 1.732871 seconds.
                    
      Regenerating: 1 file(s) changed at 2026-10-06 22:17:02
                    _tmp_serve.log
                    ...done in 1.732962 seconds.
                    
      Regenerating: 1 file(s) changed at 2026-10-06 22:17:07
                    _tmp_serve.log
                    ...done in 2.0727531 seconds.
                    
      Regenerating: 1 file(s) changed at 2026-10-06 22:17:12
                    _tmp_serve.log
                    ...done in 1.7532165 seconds.
                    
      Regenerating: 1 file(s) changed at 2026-10-06 22:17:17
                    _tmp_serve.log
                    ...done in 1.7210257 seconds.
                    
      Regenerating: 1 file(s) changed at 2026-10-06 22:17:22
                    _tmp_serve.log
                    ...done in 1.8133923 seconds.
                    
      Regenerating: 1 file(s) changed at 2026-10-06 22:17:24
                    _sass/layout/_sidebar.scss
                    ...done in 1.7352021 seconds.
                    
      Regenerating: 1 file(s) changed at 2026-10-06 22:17:27
                    _tmp_serve.log
                    ...done in 1.7478294 seconds.
                    
      Regenerating: 1 file(s) changed at 2026-10-06 22:17:32
                    _tmp_serve.log
                    ...done in 1.7262286 seconds.
                    
      Regenerating: 1 file(s) changed at 2026-10-06 22:17:37
                    _tmp_serve.log
                    ...done in 1.7646311 seconds.
                    
      Regenerating: 1 file(s) changed at 2026-10-06 22:17:43
                    _tmp_serve.log
                    ...done in 1.6262312 seconds.
                    
      Regenerating: 1 file(s) changed at 2026-10-06 22:17:48
                    _tmp_serve.log
                    ...done in 1.5770871 seconds.
                    
      Regenerating: 1 file(s) changed at 2026-10-06 22:17:53
                    _tmp_serve.log
                    ...done in 1.5655639 seconds.
                    
      Regenerating: 1 file(s) changed at 2026-10-06 22:17:58
                    _tmp_serve.log
                    ...done in 1.5816954 seconds.
                    
      Regenerating: 1 file(s) changed at 2026-10-06 22:18:03
                    _tmp_serve.log
                    ...done in 1.6265561 seconds.
                    
      Regenerating: 1 file(s) changed at 2026-10-06 22:18:08
                    _tmp_serve.log
                    ...done in 1.6676423 seconds.
                    
      Regenerating: 1 file(s) changed at 2026-10-06 22:18:13
                    _tmp_serve.log
                    ...done in 1.6402137 seconds.
                    
      Regenerating: 1 file(s) changed at 2026-10-06 22:18:18
                    _tmp_serve.log
                    ...done in 1.6565349 seconds.
                    
      Regenerating: 1 file(s) changed at 2026-10-06 22:21:47
                    _includes/sidebar.html
                    ...done in 1.5848482 seconds.
                    
      Regenerating: 1 file(s) changed at 2026-10-06 22:21:51
                    _tmp_serve.log
                    ...done in 1.4866696 seconds.
                    
      Regenerating: 1 file(s) changed at 2026-10-06 22:21:54
                    _tmp_serve.log
                    ...done in 1.5191178 seconds.
                    
      Regenerating: 1 file(s) changed at 2026-10-06 22:21:59
                    _tmp_serve.log
                    ...done in 1.6536371 seconds.
                    
      Regenerating: 1 file(s) changed at 2026-10-06 22:22:04
                    _tmp_serve.log
                    ...done in 1.489169 seconds.
                    
      Regenerating: 1 file(s) changed at 2026-10-06 22:22:09
                    _tmp_serve.log
                    ...done in 1.612986 seconds.
                    
      Regenerating: 1 file(s) changed at 2026-10-06 22:22:14
                    _tmp_serve.log
                    ...done in 1.598556 seconds.
                    
      Regenerating: 1 file(s) changed at 2026-10-06 22:22:19
                    _tmp_serve.log
                    ...done in 1.4728691 seconds.
                    
      Regenerating: 1 file(s) changed at 2026-10-06 22:22:24
                    _tmp_serve.log
                    ...done in 1.5145246 seconds.
                    
      Regenerating: 1 file(s) changed at 2026-10-06 22:22:29
                    _tmp_serve.log
                    ...done in 1.6608297 seconds.
                    
      Regenerating: 1 file(s) changed at 2026-10-06 22:22:34
                    _tmp_serve.log
                    ...done in 1.4861213 seconds.
                    
      Regenerating: 1 file(s) changed at 2026-10-06 22:22:39
                    _tmp_serve.log
                    ...done in 1.4830878 seconds.
                    
      Regenerating: 1 file(s) changed at 2026-10-06 22:22:44
                    _tmp_serve.log
                    ...done in 1.6658962 seconds.
                    
      Regenerating: 1 file(s) changed at 2026-10-06 22:22:49
                    _tmp_serve.log
                    ...done in 1.4931381 seconds.
                    
      Regenerating: 1 file(s) changed at 2026-10-06 22:22:54
                    _tmp_serve.log
                    ...done in 1.5429799 seconds.
                    
      Regenerating: 1 file(s) changed at 2026-10-06 22:22:59
                    _tmp_serve.log
                    ...done in 1.5434561 seconds.
                    
      Regenerating: 1 file(s) changed at 2026-10-06 22:23:04
                    _tmp_serve.log
                    ...done in 1.527185 seconds.
                    
      Regenerating: 1 file(s) changed at 2026-10-06 22:23:06
                    _tmp_serve.log
                    ...done in 1.6265022 seconds.
                    
      Regenerating: 1 file(s) changed at 2026-10-06 22:23:09
                    _tmp_serve.log
                    ...done in 1.4508581 seconds.
                    
      Regenerating: 1 file(s) changed at 2026-10-06 22:23:14
                    _tmp_serve.log
                    ...done in 1.5048735 seconds.
                    
      Regenerating: 1 file(s) changed at 2026-10-06 22:23:19
                    _tmp_serve.log
                    ...done in 1.5565956 seconds.
                    
      Regenerating: 1 file(s) changed at 2026-10-06 22:23:24
                    _tmp_serve.log
                    ...done in 1.5452235 seconds.
                    
      Regenerating: 1 file(s) changed at 2026-10-06 22:23:30
                    _tmp_serve.log
                    ...done in 1.5506314 seconds.
                    
      Regenerating: 1 file(s) changed at 2026-10-06 22:23:35
                    _tmp_serve.log
                    ...done in 1.6038695 seconds.
                    
      Regenerating: 1 file(s) changed at 2026-10-06 22:23:40
                    _tmp_serve.log
                    ...done in 1.6439422 seconds.
                    
      Regenerating: 1 file(s) changed at 2026-10-06 22:23:45
                    _tmp_serve.log
                    ...done in 1.6095426 seconds.
                    
      Regenerating: 1 file(s) changed at 2026-10-06 22:23:50
                    _tmp_serve.log
                    ...done in 1.5971934 seconds.
                    
      Regenerating: 1 file(s) changed at 2026-10-06 22:23:55
                    _tmp_serve.log
                    ...done in 1.5842296 seconds.
                    
      Regenerating: 1 file(s) changed at 2026-10-06 22:24:00
                    _tmp_serve.log
                    ...done in 1.6995591 seconds.
                    
      Regenerating: 1 file(s) changed at 2026-10-06 22:24:05
                    _tmp_serve.log
                    ...done in 2.203106 seconds.
                    
      Regenerating: 1 file(s) changed at 2026-10-06 22:24:10
                    _tmp_serve.log
                    ...done in 1.6690403 seconds.
                    
      Regenerating: 1 file(s) changed at 2026-10-06 22:24:15
                    _tmp_serve.log
                    ...done in 1.7035866 seconds.
                    
      Regenerating: 1 file(s) changed at 2026-10-06 22:24:20
                    _tmp_serve.log
                    ...done in 1.6029299 seconds.
                    
      Regenerating: 1 file(s) changed at 2026-10-06 22:24:25
                    _tmp_serve.log
                    ...done in 1.577362 seconds.
                    
      Regenerating: 1 file(s) changed at 2026-10-06 22:24:30
                    _tmp_serve.log
                    ...done in 1.6197855 seconds.
                    
      Regenerating: 1 file(s) changed at 2026-10-06 22:24:35
                    _tmp_serve.log
                    ...done in 1.5918415 seconds.
                    
      Regenerating: 1 file(s) changed at 2026-10-06 22:24:40
                    _tmp_serve.log
                    ...done in 1.5439056 seconds.
                    
      Regenerating: 1 file(s) changed at 2026-10-06 22:24:45
                    _tmp_serve.log
                    ...done in 1.6046223 seconds.
                    
      Regenerating: 1 file(s) changed at 2026-10-06 22:24:50
                    _tmp_serve.log
                    ...done in 1.614549 seconds.
                    
      Regenerating: 1 file(s) changed at 2026-10-06 22:24:56
                    _tmp_serve.log
                    ...done in 1.6242527 seconds.
                    
      Regenerating: 1 file(s) changed at 2026-10-06 22:25:01
                    _tmp_serve.log
                    ...done in 1.5993829 seconds.
                    
      Regenerating: 1 file(s) changed at 2026-10-06 22:25:06
                    _tmp_serve.log
                    ...done in 1.5760747 seconds.
                    
      Regenerating: 1 file(s) changed at 2026-10-06 22:25:11
                    _tmp_serve.log
                    ...done in 1.5469088 seconds.
                    
      Regenerating: 1 file(s) changed at 2026-10-06 22:25:16
                    _tmp_serve.log
                    ...done in 1.6273541 seconds.
                    
      Regenerating: 1 file(s) changed at 2026-10-06 22:25:21
                    _tmp_serve.log
                    ...done in 1.7025336 seconds.
                    
      Regenerating: 1 file(s) changed at 2026-10-06 22:25:26
                    _tmp_serve.log
                    ...done in 1.5017064 seconds.
                    
      Regenerating: 1 file(s) changed at 2026-10-06 22:25:31
                    _tmp_serve.log
                    ...done in 1.5217061 seconds.
                    
      Regenerating: 1 file(s) changed at 2026-10-06 22:25:36
                    _tmp_serve.log
                    ...done in 1.5387394 seconds.
                    
      Regenerating: 1 file(s) changed at 2026-10-06 22:25:41
                    _tmp_serve.log
                    ...done in 1.5485652 seconds.
                    
      Regenerating: 1 file(s) changed at 2026-10-06 22:25:46
                    _tmp_serve.log
                    ...done in 1.5689755 seconds.
                    
      Regenerating: 1 file(s) changed at 2026-10-06 22:25:51
                    _tmp_serve.log
                    ...done in 1.7652876 seconds.
                    
      Regenerating: 1 file(s) changed at 2026-10-06 22:25:56
                    _tmp_serve.log
                    ...done in 1.5348276 seconds.
                    
      Regenerating: 1 file(s) changed at 2026-10-06 22:26:01
                    _tmp_serve.log
                    ...done in 1.552 seconds.
                    
      Regenerating: 1 file(s) changed at 2026-10-06 22:26:06
                    _tmp_serve.log
                    ...done in 1.5347176 seconds.
                    
      Regenerating: 1 file(s) changed at 2026-10-06 22:26:11
                    _tmp_serve.log
                    ...done in 1.546392 seconds.
                    
      Regenerating: 1 file(s) changed at 2026-10-06 22:26:16
                    _tmp_serve.log
                    ...done in 1.5305468 seconds.
                    
      Regenerating: 1 file(s) changed at 2026-10-06 22:26:22
                    _tmp_serve.log
                    ...done in 1.5623487 seconds.
                    
      Regenerating: 1 file(s) changed at 2026-10-06 22:26:27
                    _tmp_serve.log
                    ...done in 1.5265458 seconds.
                    
      Regenerating: 1 file(s) changed at 2026-10-06 22:26:32
                    _tmp_serve.log
                    ...done in 1.6099296 seconds.
                    
      Regenerating: 1 file(s) changed at 2026-10-06 22:26:37
                    _tmp_serve.log
                    ...done in 1.5825871 seconds.
                    
      Regenerating: 1 file(s) changed at 2026-10-06 22:26:42
                    _tmp_serve.log
                    ...done in 1.8078 seconds.
                    
      Regenerating: 1 file(s) changed at 2026-10-06 22:26:47
                    _tmp_serve.log
                    ...done in 1.6686865 seconds.
                    
      Regenerating: 1 file(s) changed at 2026-10-06 22:26:52
                    _tmp_serve.log
                    ...done in 1.5841247 seconds.
                    
      Regenerating: 1 file(s) changed at 2026-10-06 22:26:57
                    _tmp_serve.log
                    ...done in 1.547002 seconds.
                    
      Regenerating: 1 file(s) changed at 2026-10-06 22:27:02
                    _tmp_serve.log
                    ...done in 1.5976576 seconds.
                    
      Regenerating: 1 file(s) changed at 2026-10-06 22:27:07
                    _tmp_serve.log
                    ...done in 1.5651593 seconds.
                    
      Regenerating: 1 file(s) changed at 2026-10-06 22:27:12
                    _tmp_serve.log
                    ...done in 1.6560586 seconds.
                    
      Regenerating: 1 file(s) changed at 2026-10-06 22:27:17
                    _tmp_serve.log
                    ...done in 1.5619831 seconds.
                    
      Regenerating: 1 file(s) changed at 2026-10-06 22:27:22
                    _tmp_serve.log
                    ...done in 1.5577762 seconds.
                    
      Regenerating: 1 file(s) changed at 2026-10-06 22:27:27
                    _tmp_serve.log
[31m  Liquid Exception: No such file or directory @ dir_s_mkdir - C:/Users/User/Documents/GitHub/theonlyasdk.github.io/.jekyll-cache/Jekyll/Cache/Module/12 in C:/Users/User/Documents/GitHub/theonlyasdk.github.io/_layouts/default.html[0m
[33m             Error: No such file or directory @ dir_s_mkdir - C:/Users/User/Documents/GitHub/theonlyasdk.github.io/.jekyll-cache/Jekyll/Cache/Module/12[0m
[33m             Error: Run jekyll build --trace for more information.[0m
                    
      Regenerating: 1 file(s) changed at 2026-10-06 22:27:32
                    _tmp_serve.log
                    ...done in 1.5894434 seconds.
                    
      Regenerating: 1 file(s) changed at 2026-10-06 22:27:37
                    _tmp_serve.log
                    ...done in 1.6305018 seconds.
                    
      Regenerating: 1 file(s) changed at 2026-10-06 22:27:42
                    _tmp_serve.log
                    ...done in 1.5229051 seconds.
                    
      Regenerating: 1 file(s) changed at 2026-10-06 22:27:47
                    _tmp_serve.log
                    ...done in 1.5637552 seconds.
                    
      Regenerating: 1 file(s) changed at 2026-10-06 22:27:53
                    _tmp_serve.log
                    ...done in 1.5536753 seconds.
                    
      Regenerating: 1 file(s) changed at 2026-10-06 22:27:58
                    _tmp_serve.log
                    ...done in 1.7372854 seconds.
                    
      Regenerating: 1 file(s) changed at 2026-10-06 22:28:03
                    _tmp_serve.log
                    ...done in 1.6124972 seconds.
                    
      Regenerating: 1 file(s) changed at 2026-10-06 22:28:08
                    _tmp_serve.log
                    ...done in 1.6895091 seconds.
                    
      Regenerating: 1 file(s) changed at 2026-10-06 22:28:13
                    _tmp_serve.log
                    ...done in 1.595872 seconds.
                    
      Regenerating: 1 file(s) changed at 2026-10-06 22:28:18
                    _tmp_serve.log
                    ...done in 1.6052588 seconds.
                    
      Regenerating: 1 file(s) changed at 2026-10-06 22:28:23
                    _tmp_serve.log
                    ...done in 1.553016 seconds.
                    
      Regenerating: 1 file(s) changed at 2026-10-06 22:28:28
                    _tmp_serve.log
                    ...done in 1.5330746 seconds.
                    
      Regenerating: 1 file(s) changed at 2026-10-06 22:28:33
                    _tmp_serve.log
                    ...done in 1.5787193 seconds.
                    
      Regenerating: 1 file(s) changed at 2026-10-06 22:28:38
                    _tmp_serve.log
                    ...done in 1.6908582 seconds.
                    
      Regenerating: 1 file(s) changed at 2026-10-06 22:28:43
                    _tmp_serve.log
                    ...done in 1.668253 seconds.
                    
      Regenerating: 1 file(s) changed at 2026-10-06 22:28:48
                    _tmp_serve.log
                    ...done in 1.7519033 seconds.
                    
      Regenerating: 1 file(s) changed at 2026-10-06 22:28:53
                    _tmp_serve.log
                    ...done in 1.6564221 seconds.
                    
      Regenerating: 1 file(s) changed at 2026-10-06 22:28:58
                    _tmp_serve.log
                    ...done in 1.5934894 seconds.
                    
      Regenerating: 1 file(s) changed at 2026-10-06 22:29:03
                    _tmp_serve.log
                    ...done in 1.5865082 seconds.
                    
      Regenerating: 1 file(s) changed at 2026-10-06 22:29:08
                    _tmp_serve.log
                    ...done in 1.6516837 seconds.
                    
      Regenerating: 1 file(s) changed at 2026-10-06 22:29:13
                    _tmp_serve.log
                    ...done in 1.6227846 seconds.
                    
      Regenerating: 1 file(s) changed at 2026-10-06 22:29:18
                    _tmp_serve.log
                    ...done in 1.6302532 seconds.
                    
      Regenerating: 1 file(s) changed at 2026-10-06 22:29:24
                    _tmp_serve.log
                    ...done in 1.6459468 seconds.
                    
      Regenerating: 1 file(s) changed at 2026-10-06 22:29:29
                    _tmp_serve.log
                    ...done in 1.7322991 seconds.
                    
      Regenerating: 1 file(s) changed at 2026-10-06 22:29:34
                    _tmp_serve.log
                    ...done in 1.6621502 seconds.
                    
      Regenerating: 1 file(s) changed at 2026-10-06 22:29:39
                    _tmp_serve.log
                    ...done in 1.6300341 seconds.
                    
      Regenerating: 1 file(s) changed at 2026-10-06 22:29:44
                    _tmp_serve.log
                    ...done in 1.6550503 seconds.
                    
      Regenerating: 1 file(s) changed at 2026-10-06 22:29:49
                    _tmp_serve.log
                    ...done in 1.6662158 seconds.
                    
      Regenerating: 1 file(s) changed at 2026-10-06 22:29:54
                    _tmp_serve.log
                    ...done in 1.6308315 seconds.
                    
      Regenerating: 1 file(s) changed at 2026-10-06 22:29:59
                    _tmp_serve.log
                    ...done in 1.6512285 seconds.
                    
      Regenerating: 1 file(s) changed at 2026-10-06 22:30:04
                    _tmp_serve.log
                    ...done in 1.5862193 seconds.
                    
      Regenerating: 1 file(s) changed at 2026-10-06 22:30:09
                    _tmp_serve.log
                    ...done in 1.6333013 seconds.
                    
      Regenerating: 1 file(s) changed at 2026-10-06 22:30:14
                    _tmp_serve.log
                    ...done in 1.6348348 seconds.
                    
      Regenerating: 1 file(s) changed at 2026-10-06 22:30:19
                    _tmp_serve.log
                    ...done in 1.5975173 seconds.
                    
      Regenerating: 1 file(s) changed at 2026-10-06 22:30:24
                    _tmp_serve.log
                    ...done in 1.5880471 seconds.
                    
      Regenerating: 1 file(s) changed at 2026-10-06 22:30:29
                    _tmp_serve.log
                    ...done in 1.5872132 seconds.
                    
      Regenerating: 1 file(s) changed at 2026-10-06 22:30:34
                    _tmp_serve.log
                    ...done in 1.5461681 seconds.
                    
      Regenerating: 1 file(s) changed at 2026-10-06 22:30:39
                    _tmp_serve.log
                    ...done in 1.5606076 seconds.
                    
      Regenerating: 1 file(s) changed at 2026-10-06 22:30:44
                    _tmp_serve.log
                    ...done in 1.6500397 seconds.
                    
      Regenerating: 1 file(s) changed at 2026-10-06 22:30:49
                    _tmp_serve.log
                    ...done in 1.6158397 seconds.
                    
      Regenerating: 1 file(s) changed at 2026-10-06 22:30:55
                    _tmp_serve.log
                    ...done in 1.5994793 seconds.
                    
      Regenerating: 1 file(s) changed at 2026-10-06 22:31:00
                    _tmp_serve.log
                    ...done in 1.6284674 seconds.
                    
      Regenerating: 1 file(s) changed at 2026-10-06 22:31:05
                    _tmp_serve.log
                    ...done in 1.7388094 seconds.
                    
      Regenerating: 1 file(s) changed at 2026-10-06 22:31:10
                    _tmp_serve.log
                    ...done in 1.6436817 seconds.
                    
      Regenerating: 1 file(s) changed at 2026-10-06 22:31:15
                    _tmp_serve.log
                    ...done in 1.6658189 seconds.
                    
      Regenerating: 1 file(s) changed at 2026-10-06 22:31:20
                    _tmp_serve.log
                    ...done in 1.6303476 seconds.
                    
      Regenerating: 1 file(s) changed at 2026-10-06 22:31:25
                    _tmp_serve.log
                    ...done in 1.5463014 seconds.
                    
      Regenerating: 1 file(s) changed at 2026-10-06 22:31:30
                    _tmp_serve.log
                    ...done in 1.5964931 seconds.
                    
      Regenerating: 1 file(s) changed at 2026-10-06 22:31:35
                    _tmp_serve.log
                    ...done in 1.67938 seconds.
                    
      Regenerating: 1 file(s) changed at 2026-10-06 22:31:40
                    _tmp_serve.log
                    ...done in 1.5841261 seconds.
                    
      Regenerating: 1 file(s) changed at 2026-10-06 22:31:45
                    _tmp_serve.log
                    ...done in 1.5837523 seconds.
                    
      Regenerating: 1 file(s) changed at 2026-10-06 22:31:50
                    _tmp_serve.log
                    ...done in 1.5471889 seconds.
                    
      Regenerating: 1 file(s) changed at 2026-10-06 22:31:55
                    _tmp_serve.log
                    ...done in 1.584803 seconds.
                    
      Regenerating: 1 file(s) changed at 2026-10-06 22:32:00
                    _tmp_serve.log
                    ...done in 1.5529647 seconds.
                    
      Regenerating: 1 file(s) changed at 2026-10-06 22:32:05
                    _tmp_serve.log
                    ...done in 1.6094873 seconds.
                    
      Regenerating: 1 file(s) changed at 2026-10-06 22:32:10
                    _tmp_serve.log
                    ...done in 1.5619931 seconds.
                    
      Regenerating: 1 file(s) changed at 2026-10-06 22:32:15
                    _tmp_serve.log
                    ...done in 1.5553753 seconds.
                    
      Regenerating: 1 file(s) changed at 2026-10-06 22:32:20
                    _tmp_serve.log
[31m  Liquid Exception: No such file or directory @ dir_s_mkdir - C:/Users/User/Documents/GitHub/theonlyasdk.github.io/.jekyll-cache/Jekyll/Cache/Module/46 in C:/Users/User/Documents/GitHub/theonlyasdk.github.io/_layouts/default.html[0m
[33m             Error: No such file or directory @ dir_s_mkdir - C:/Users/User/Documents/GitHub/theonlyasdk.github.io/.jekyll-cache/Jekyll/Cache/Module/46[0m
[33m             Error: Run jekyll build --trace for more information.[0m
                    
      Regenerating: 1 file(s) changed at 2026-10-06 22:32:25
                    _tmp_serve.log
                    ...done in 1.6846616 seconds.
                    
      Regenerating: 1 file(s) changed at 2026-10-06 22:32:31
                    _tmp_serve.log
                    ...done in 1.6268627 seconds.
                    
      Regenerating: 1 file(s) changed at 2026-10-06 22:32:36
                    _tmp_serve.log
                    ...done in 1.6240484 seconds.
                    
      Regenerating: 1 file(s) changed at 2026-10-06 22:32:41
                    _tmp_serve.log
                    ...done in 1.6702698 seconds.
                    
      Regenerating: 1 file(s) changed at 2026-10-06 22:32:46
                    _tmp_serve.log
                    ...done in 1.7807334 seconds.
                    
      Regenerating: 1 file(s) changed at 2026-10-06 22:32:51
                    _tmp_serve.log
[31m  Liquid Exception: No such file or directory @ dir_s_mkdir - C:/Users/User/Documents/GitHub/theonlyasdk.github.io/.jekyll-cache/Jekyll/Cache/Module/46 in C:/Users/User/Documents/GitHub/theonlyasdk.github.io/_layouts/default.html[0m
[33m             Error: No such file or directory @ dir_s_mkdir - C:/Users/User/Documents/GitHub/theonlyasdk.github.io/.jekyll-cache/Jekyll/Cache/Module/46[0m
[33m             Error: Run jekyll build --trace for more information.[0m
                    
      Regenerating: 1 file(s) changed at 2026-10-06 22:32:56
                    _tmp_serve.log
                    ...done in 1.680674 seconds.
                    
      Regenerating: 1 file(s) changed at 2026-10-06 22:33:01
                    _tmp_serve.log
                    ...done in 1.6419776 seconds.
                    
      Regenerating: 1 file(s) changed at 2026-10-06 22:33:06
                    _tmp_serve.log
                    ...done in 1.7464189 seconds.
                    
      Regenerating: 1 file(s) changed at 2026-10-06 22:33:11
                    _tmp_serve.log
                    ...done in 1.7603501 seconds.
                    
      Regenerating: 1 file(s) changed at 2026-10-06 22:33:16
                    _tmp_serve.log
                    ...done in 1.5944563 seconds.
                    
      Regenerating: 1 file(s) changed at 2026-10-06 22:33:21
                    _tmp_serve.log
                    ...done in 1.6633485 seconds.
                    
      Regenerating: 1 file(s) changed at 2026-10-06 22:33:26
                    _tmp_serve.log
                    ...done in 1.7673996 seconds.
                    
      Regenerating: 1 file(s) changed at 2026-10-06 22:33:31
                    _tmp_serve.log
                    ...done in 1.6813565 seconds.
                    
      Regenerating: 1 file(s) changed at 2026-10-06 22:33:36
                    _tmp_serve.log
                    ...done in 1.5909493 seconds.
                    
      Regenerating: 1 file(s) changed at 2026-10-06 22:33:41
                    _tmp_serve.log
                    ...done in 1.5916801 seconds.
                    
      Regenerating: 1 file(s) changed at 2026-10-06 22:33:46
                    _tmp_serve.log
                    ...done in 1.6770574 seconds.
                    
      Regenerating: 1 file(s) changed at 2026-10-06 22:33:51
                    _tmp_serve.log
                    ...done in 1.6133397 seconds.
                    
      Regenerating: 1 file(s) changed at 2026-10-06 22:33:56
                    _tmp_serve.log
                    ...done in 1.7101528 seconds.
                    
      Regenerating: 1 file(s) changed at 2026-10-06 22:34:02
                    _tmp_serve.log
                    ...done in 1.6320195 seconds.
                    
      Regenerating: 1 file(s) changed at 2026-10-06 22:34:07
                    _tmp_serve.log
                    ...done in 1.6930911 seconds.
                    
      Regenerating: 1 file(s) changed at 2026-10-06 22:34:12
                    _tmp_serve.log
                    ...done in 1.6456992 seconds.
                    
      Regenerating: 1 file(s) changed at 2026-10-06 22:34:17
                    _tmp_serve.log
                    ...done in 1.6561311 seconds.
                    
      Regenerating: 1 file(s) changed at 2026-10-06 22:34:22
                    _tmp_serve.log
                    ...done in 1.6316546 seconds.
                    
      Regenerating: 1 file(s) changed at 2026-10-06 22:34:27
                    _tmp_serve.log
                    ...done in 1.6606733 seconds.
                    
      Regenerating: 1 file(s) changed at 2026-10-06 22:34:32
                    _tmp_serve.log
                    ...done in 1.6321948 seconds.
                    
      Regenerating: 1 file(s) changed at 2026-10-06 22:34:37
                    _tmp_serve.log
                    ...done in 1.7760756 seconds.
                    
      Regenerating: 1 file(s) changed at 2026-10-06 22:34:42
                    _tmp_serve.log
                    ...done in 1.6281413 seconds.
                    
      Regenerating: 1 file(s) changed at 2026-10-06 22:34:47
                    _tmp_serve.log
                    ...done in 1.5686212 seconds.
                    
      Regenerating: 1 file(s) changed at 2026-10-06 22:34:52
                    _tmp_serve.log
                    ...done in 1.6475613 seconds.
                    
      Regenerating: 1 file(s) changed at 2026-10-06 22:34:57
                    _tmp_serve.log
                    ...done in 1.5961019 seconds.
                    
      Regenerating: 1 file(s) changed at 2026-10-06 22:35:02
                    _tmp_serve.log
                    ...done in 1.724013 seconds.
                    
      Regenerating: 1 file(s) changed at 2026-10-06 22:35:07
                    _tmp_serve.log
                    ...done in 1.6910128 seconds.
                    
      Regenerating: 1 file(s) changed at 2026-10-06 22:35:12
                    _tmp_serve.log
                    ...done in 1.6247406 seconds.
                    
      Regenerating: 1 file(s) changed at 2026-10-06 22:35:17
                    _tmp_serve.log
                    ...done in 1.5958924 seconds.
                    
      Regenerating: 1 file(s) changed at 2026-10-06 22:35:22
                    _tmp_serve.log
                    ...done in 1.7439523 seconds.
                    
      Regenerating: 1 file(s) changed at 2026-10-06 22:35:27
                    _tmp_serve.log
                    ...done in 1.6870803 seconds.
                    
      Regenerating: 1 file(s) changed at 2026-10-06 22:36:02
                    _sass/themes/_dark.scss
                    ...done in 1.713839 seconds.
                    
      Regenerating: 1 file(s) changed at 2026-10-06 22:36:08
                    _tmp_serve.log
                    ...done in 1.6291292 seconds.
                    
      Regenerating: 1 file(s) changed at 2026-10-06 22:36:11
                    _sass/themes/_light.scss
                    ...done in 1.6344263 seconds.
                    
      Regenerating: 1 file(s) changed at 2026-10-06 22:36:12
                    _tmp_serve.log
                    ...done in 1.7418215 seconds.
                    
      Regenerating: 1 file(s) changed at 2026-10-06 22:36:14
                    _tmp_serve.log
                    ...done in 1.6281486 seconds.
                    
      Regenerating: 1 file(s) changed at 2026-10-06 22:36:18
                    _tmp_serve.log
                    ...done in 1.9481708 seconds.
                    
      Regenerating: 1 file(s) changed at 2026-10-06 22:36:23
                    _tmp_serve.log
                    ...done in 1.6435054 seconds.
                    
      Regenerating: 1 file(s) changed at 2026-10-06 22:36:28
                    _tmp_serve.log
                    ...done in 1.6690576 seconds.
                    
      Regenerating: 1 file(s) changed at 2026-10-06 22:36:33
                    _tmp_serve.log
                    ...done in 1.7068078 seconds.
                    
      Regenerating: 1 file(s) changed at 2026-10-06 22:36:38
                    _tmp_serve.log
                    ...done in 1.6524 seconds.
                    
      Regenerating: 1 file(s) changed at 2026-10-06 22:36:43
                    _tmp_serve.log
                    ...done in 1.6972005 seconds.
                    
      Regenerating: 1 file(s) changed at 2026-10-06 22:36:45
                    _sass/layout/_sidebar.scss
                    ...done in 1.6481336 seconds.
                    
      Regenerating: 1 file(s) changed at 2026-10-06 22:36:47
                    _tmp_serve.log
                    ...done in 1.6328426 seconds.
                    
      Regenerating: 1 file(s) changed at 2026-10-06 22:36:53
                    _tmp_serve.log
                    ...done in 1.6280181 seconds.
                    
      Regenerating: 1 file(s) changed at 2026-10-06 22:36:58
                    _tmp_serve.log
                    ...done in 1.6922617 seconds.
                    
      Regenerating: 1 file(s) changed at 2026-10-06 22:37:03
                    _tmp_serve.log
                    ...done in 1.6984394 seconds.
                    
      Regenerating: 1 file(s) changed at 2026-10-06 22:37:07
                    _includes/sidebar.html
                    ...done in 1.8097505 seconds.
                    
      Regenerating: 1 file(s) changed at 2026-10-06 22:37:09
                    _tmp_serve.log
                    ...done in 1.638432 seconds.
                    
      Regenerating: 1 file(s) changed at 2026-10-06 22:37:14
                    _tmp_serve.log
                    ...done in 1.7235993 seconds.
                    
      Regenerating: 1 file(s) changed at 2026-10-06 22:37:19
                    _tmp_serve.log
                    ...done in 1.7240948 seconds.
                    
      Regenerating: 1 file(s) changed at 2026-10-06 22:37:24
                    _tmp_serve.log
                    ...done in 1.6254011 seconds.
                    
      Regenerating: 1 file(s) changed at 2026-10-06 22:37:29
                    _tmp_serve.log
                    ...done in 1.706543 seconds.
                    
      Regenerating: 1 file(s) changed at 2026-10-06 22:37:34
                    _tmp_serve.log
                    ...done in 1.6776769 seconds.
                    
      Regenerating: 1 file(s) changed at 2026-10-06 22:37:39
                    _tmp_serve.log
                    ...done in 1.7188153 seconds.
                    
      Regenerating: 1 file(s) changed at 2026-10-06 22:37:44
                    _tmp_serve.log
                    ...done in 1.6753213 seconds.
                    
      Regenerating: 1 file(s) changed at 2026-10-06 22:37:49
                    _tmp_serve.log
                    ...done in 1.8122087 seconds.
                    
      Regenerating: 1 file(s) changed at 2026-10-06 22:37:54
                    _tmp_serve.log
                    ...done in 1.6313277 seconds.
                    
      Regenerating: 1 file(s) changed at 2026-10-06 22:37:59
                    _tmp_serve.log
                    ...done in 1.731117 seconds.
                    
      Regenerating: 1 file(s) changed at 2026-10-06 22:38:04
                    _tmp_serve.log
                    ...done in 1.7242106 seconds.
                    
      Regenerating: 1 file(s) changed at 2026-10-06 22:38:09
                    _tmp_serve.log
                    ...done in 1.7288434 seconds.
                    
      Regenerating: 1 file(s) changed at 2026-10-06 22:38:14
                    _tmp_serve.log
                    ...done in 1.7009806 seconds.
                    
      Regenerating: 1 file(s) changed at 2026-10-06 22:38:19
                    _tmp_serve.log
                    ...done in 1.6449431 seconds.
                    
      Regenerating: 1 file(s) changed at 2026-10-06 22:38:21
                    _tmp_serve.log
                    ...done in 1.6514678 seconds.
                    
      Regenerating: 1 file(s) changed at 2026-10-06 22:38:24
                    _tmp_serve.log
                    ...done in 1.6575303 seconds.
                    
      Regenerating: 1 file(s) changed at 2026-10-06 22:38:29
                    _tmp_serve.log
                    ...done in 1.7969644 seconds.
                    
      Regenerating: 1 file(s) changed at 2026-10-06 22:38:34
                    _tmp_serve.log
                    ...done in 1.7058208 seconds.
                    
      Regenerating: 1 file(s) changed at 2026-10-06 22:38:39
                    _tmp_serve.log
                    ...done in 1.6634468 seconds.
                    
      Regenerating: 1 file(s) changed at 2026-10-06 22:38:45
                    _tmp_serve.log
                    ...done in 1.6356632 seconds.
                    
      Regenerating: 1 file(s) changed at 2026-10-06 22:38:50
                    _tmp_serve.log
                    ...done in 1.6975625 seconds.
                    
      Regenerating: 1 file(s) changed at 2026-10-06 22:38:55
                    _tmp_serve.log
                    ...done in 1.6635285 seconds.
                    
      Regenerating: 1 file(s) changed at 2026-10-06 22:39:00
                    _tmp_serve.log
                    ...done in 1.6671444 seconds.
                    
      Regenerating: 1 file(s) changed at 2026-10-06 22:39:05
                    _tmp_serve.log
                    ...done in 1.6244025 seconds.
                    
      Regenerating: 1 file(s) changed at 2026-10-06 22:39:10
                    _tmp_serve.log
                    ...done in 1.7398584 seconds.
                    
      Regenerating: 1 file(s) changed at 2026-10-06 22:39:15
                    _tmp_serve.log
                    ...done in 1.719388 seconds.
                    
      Regenerating: 1 file(s) changed at 2026-10-06 22:39:20
                    _tmp_serve.log
                    ...done in 1.7005265 seconds.
                    
      Regenerating: 1 file(s) changed at 2026-10-06 22:39:25
                    _tmp_serve.log
                    ...done in 1.6584159 seconds.
                    
      Regenerating: 1 file(s) changed at 2026-10-06 22:39:30
                    _tmp_serve.log
                    ...done in 1.7917883 seconds.
                    
      Regenerating: 1 file(s) changed at 2026-10-06 22:39:35
                    _tmp_serve.log
                    ...done in 1.6811299 seconds.
                    
      Regenerating: 1 file(s) changed at 2026-10-06 22:39:40
                    _tmp_serve.log
                    ...done in 1.7049727 seconds.
                    
      Regenerating: 1 file(s) changed at 2026-10-06 22:39:45
                    _tmp_serve.log
                    ...done in 1.6828793 seconds.
                    
      Regenerating: 1 file(s) changed at 2026-10-06 22:39:50
                    _tmp_serve.log
                    ...done in 1.728739 seconds.
                    
      Regenerating: 1 file(s) changed at 2026-10-06 22:39:55
                    _tmp_serve.log
                    ...done in 1.7561546 seconds.
                    
      Regenerating: 1 file(s) changed at 2026-10-06 22:40:00
                    _tmp_serve.log
                    ...done in 1.7511021 seconds.
                    
      Regenerating: 1 file(s) changed at 2026-10-06 22:40:05
                    _tmp_serve.log
                    ...done in 2.0135717 seconds.
                    
      Regenerating: 1 file(s) changed at 2026-10-06 22:40:11
                    _tmp_serve.log
                    ...done in 1.7576856 seconds.
                    
      Regenerating: 1 file(s) changed at 2026-10-06 22:40:16
                    _tmp_serve.log
                    ...done in 1.8092632 seconds.
                    
      Regenerating: 1 file(s) changed at 2026-10-06 22:40:21
                    _tmp_serve.log
                    ...done in 1.8554448 seconds.
                    
      Regenerating: 1 file(s) changed at 2026-10-06 22:40:26
                    _tmp_serve.log
                    ...done in 1.7715457 seconds.
                    
      Regenerating: 1 file(s) changed at 2026-10-06 22:40:31
                    _tmp_serve.log
                    ...done in 1.710054 seconds.
                    
      Regenerating: 1 file(s) changed at 2026-10-06 22:40:36
                    _tmp_serve.log
                    ...done in 1.7337067 seconds.
                    
      Regenerating: 1 file(s) changed at 2026-10-06 22:40:41
                    _tmp_serve.log
                    ...done in 1.795722 seconds.
                    
      Regenerating: 1 file(s) changed at 2026-10-06 22:40:43
                    assets/js/goodies.js
                    ...done in 1.6047321 seconds.
                    
      Regenerating: 1 file(s) changed at 2026-10-06 22:40:46
                    _tmp_serve.log
                    ...done in 1.6739864 seconds.
                    
      Regenerating: 1 file(s) changed at 2026-10-06 22:40:51
                    _tmp_serve.log
                    ...done in 1.7450689 seconds.
                    
      Regenerating: 1 file(s) changed at 2026-10-06 22:40:56
                    _tmp_serve.log
                    ...done in 1.7581235 seconds.
                    
      Regenerating: 1 file(s) changed at 2026-10-06 22:41:01
                    _tmp_serve.log
                    ...done in 1.6572479 seconds.
                    
      Regenerating: 1 file(s) changed at 2026-10-06 22:41:03
                    _tabs/about.html
                    ...done in 1.695935 seconds.
                    
      Regenerating: 1 file(s) changed at 2026-10-06 22:41:06
                    _tmp_serve.log
                    ...done in 1.6880381 seconds.
                    
      Regenerating: 1 file(s) changed at 2026-10-06 22:41:11
                    _tmp_serve.log
                    ...done in 1.6823558 seconds.
                    
      Regenerating: 1 file(s) changed at 2026-10-06 22:41:16
                    _tmp_serve.log
                    ...done in 1.6290804 seconds.
                    
      Regenerating: 1 file(s) changed at 2026-10-06 22:41:21
                    _tmp_serve.log
                    ...done in 1.8490706 seconds.
                    
      Regenerating: 1 file(s) changed at 2026-10-06 22:41:26
                    _tmp_serve.log
                    ...done in 1.8265422 seconds.
                    
      Regenerating: 1 file(s) changed at 2026-10-06 22:41:31
                    _tmp_serve.log
                    ...done in 1.7669274 seconds.
                    
      Regenerating: 1 file(s) changed at 2026-10-06 22:41:36
                    _tmp_serve.log
                    ...done in 1.6656337 seconds.
                    
      Regenerating: 1 file(s) changed at 2026-10-06 22:41:42
                    _tmp_serve.log
                    ...done in 1.8829606 seconds.
                    
      Regenerating: 1 file(s) changed at 2026-10-06 22:41:47
                    _tmp_serve.log
                    ...done in 1.7072676 seconds.
                    
      Regenerating: 1 file(s) changed at 2026-10-06 22:41:52
                    _tmp_serve.log
[31m  Liquid Exception: No such file or directory @ dir_s_mkdir - C:/Users/User/Documents/GitHub/theonlyasdk.github.io/.jekyll-cache/Jekyll/Cache/Module/46 in C:/Users/User/Documents/GitHub/theonlyasdk.github.io/_layouts/default.html[0m
[33m             Error: No such file or directory @ dir_s_mkdir - C:/Users/User/Documents/GitHub/theonlyasdk.github.io/.jekyll-cache/Jekyll/Cache/Module/46[0m
[33m             Error: Run jekyll build --trace for more information.[0m
                    
      Regenerating: 1 file(s) changed at 2026-10-06 22:41:57
                    _tmp_serve.log
                    ...done in 1.7825112 seconds.
                    
      Regenerating: 1 file(s) changed at 2026-10-06 22:42:02
                    _tmp_serve.log
                    ...done in 1.879837 seconds.
                    
      Regenerating: 1 file(s) changed at 2026-10-06 22:42:07
                    _tmp_serve.log
                    ...done in 1.659663 seconds.
                    
      Regenerating: 1 file(s) changed at 2026-10-06 22:42:12
                    _tmp_serve.log
                    ...done in 1.728912 seconds.
                    
      Regenerating: 1 file(s) changed at 2026-10-06 22:42:17
                    _tmp_serve.log
                    ...done in 1.7421571 seconds.
                    
      Regenerating: 1 file(s) changed at 2026-10-06 22:42:22
                    _tmp_serve.log
                    ...done in 1.7652848 seconds.
                    
      Regenerating: 1 file(s) changed at 2026-10-06 22:42:27
                    _tmp_serve.log
                    ...done in 1.6623298 seconds.
                    
      Regenerating: 1 file(s) changed at 2026-10-06 22:42:32
                    _tmp_serve.log
                    ...done in 1.7437082 seconds.
                    
      Regenerating: 1 file(s) changed at 2026-10-06 22:42:37
                    _tmp_serve.log
                    ...done in 1.8413717 seconds.
                    
      Regenerating: 1 file(s) changed at 2026-10-06 22:42:42
                    _tmp_serve.log
                    ...done in 1.7514336 seconds.
                    
      Regenerating: 1 file(s) changed at 2026-10-06 22:42:47
                    _tmp_serve.log
                    ...done in 1.6630529 seconds.
                    
      Regenerating: 1 file(s) changed at 2026-10-06 22:42:52
                    _tmp_serve.log
                    ...done in 1.6698695 seconds.
                    
      Regenerating: 1 file(s) changed at 2026-10-06 22:42:57
                    _tmp_serve.log
                    ...done in 1.5603162 seconds.
                    
      Regenerating: 1 file(s) changed at 2026-10-06 22:43:02
                    _tmp_serve.log
                    ...done in 1.7160734 seconds.
                    
      Regenerating: 1 file(s) changed at 2026-10-06 22:43:07
                    _tmp_serve.log
                    ...done in 1.7116353 seconds.
                    
      Regenerating: 1 file(s) changed at 2026-10-06 22:43:13
                    _tmp_serve.log
                    ...done in 1.6885416 seconds.
                    
      Regenerating: 1 file(s) changed at 2026-10-06 22:43:18
                    _tmp_serve.log
                    ...done in 1.8406579 seconds.
                    
      Regenerating: 1 file(s) changed at 2026-10-06 22:43:23
                    _tmp_serve.log
                    ...done in 1.9084539 seconds.
                    
      Regenerating: 1 file(s) changed at 2026-10-06 22:43:28
                    _tmp_serve.log
                    ...done in 1.6261574 seconds.
                    
      Regenerating: 1 file(s) changed at 2026-10-06 22:43:33
                    _tmp_serve.log
                    ...done in 1.6716506 seconds.
                    
      Regenerating: 1 file(s) changed at 2026-10-06 22:43:38
                    _tmp_serve.log
                    ...done in 1.7280133 seconds.
                    
      Regenerating: 1 file(s) changed at 2026-10-06 22:43:43
                    _tmp_serve.log
                    ...done in 1.7806271 seconds.
                    
      Regenerating: 1 file(s) changed at 2026-10-06 22:43:45
                    _includes/search-loader.html
                    ...done in 1.7944503 seconds.
                    
      Regenerating: 1 file(s) changed at 2026-10-06 22:44:06
                    _sass/pages/_search.scss
                    ...done in 1.851011 seconds.
                    
      Regenerating: 1 file(s) changed at 2026-10-06 22:44:13
                    _tmp_serve.log
                    ...done in 1.7124165 seconds.
                    
      Regenerating: 1 file(s) changed at 2026-10-06 22:44:18
                    _tmp_serve.log
                    ...done in 1.6651994 seconds.
                    
      Regenerating: 1 file(s) changed at 2026-10-06 22:44:23
                    _tmp_serve.log
                    ...done in 1.883438 seconds.
                    
      Regenerating: 1 file(s) changed at 2026-10-06 22:44:27
                    _tmp_serve.log
                    ...done in 1.908693 seconds.
                    
      Regenerating: 1 file(s) changed at 2026-10-06 22:44:33
                    _tmp_serve.log
                    ...done in 1.8708867 seconds.
                    
      Regenerating: 1 file(s) changed at 2026-10-06 22:44:38
                    _tmp_serve.log
                    ...done in 1.8040724 seconds.
                    
      Regenerating: 1 file(s) changed at 2026-10-06 22:44:43
                    _tmp_serve.log
                    ...done in 1.7784158 seconds.
                    
      Regenerating: 1 file(s) changed at 2026-10-06 22:44:48
                    _tmp_serve.log
                    ...done in 1.6953455 seconds.
                    
      Regenerating: 1 file(s) changed at 2026-10-06 22:44:53
                    _tmp_serve.log
                    ...done in 1.6852793 seconds.
                    
      Regenerating: 1 file(s) changed at 2026-10-06 22:44:58
                    _tmp_serve.log
                    ...done in 1.7546954 seconds.
                    
      Regenerating: 1 file(s) changed at 2026-10-06 22:45:03
                    _tmp_serve.log
                    ...done in 1.7004961 seconds.
                    
      Regenerating: 1 file(s) changed at 2026-10-06 22:45:08
                    _tmp_serve.log
                    ...done in 1.751813 seconds.
                    
      Regenerating: 1 file(s) changed at 2026-10-06 22:45:13
                    _tmp_serve.log
                    ...done in 1.7402597 seconds.
                    
      Regenerating: 1 file(s) changed at 2026-10-06 22:45:18
                    _tmp_serve.log
                    ...done in 1.6904464 seconds.
                    
      Regenerating: 1 file(s) changed at 2026-10-06 22:45:23
                    _tmp_serve.log
                    ...done in 1.7290781 seconds.
                    
      Regenerating: 1 file(s) changed at 2026-10-06 22:45:25
                    _tmp_serve.log
                    ...done in 1.7434883 seconds.
                    
      Regenerating: 1 file(s) changed at 2026-10-06 22:45:28
                    _tmp_serve.log
                    ...done in 1.7208248 seconds.
                    
      Regenerating: 1 file(s) changed at 2026-10-06 22:45:33
                    _tmp_serve.log
                    ...done in 1.7749854 seconds.
                    
      Regenerating: 1 file(s) changed at 2026-10-06 22:45:38
                    _tmp_serve.log
                    ...done in 1.7847625 seconds.
                    
      Regenerating: 1 file(s) changed at 2026-10-06 22:45:44
                    _tmp_serve.log
                    ...done in 1.790304 seconds.
                    
      Regenerating: 1 file(s) changed at 2026-10-06 22:45:49
                    _tmp_serve.log
                    ...done in 1.7345432 seconds.
                    
      Regenerating: 1 file(s) changed at 2026-10-06 22:45:54
                    _tmp_serve.log
                    ...done in 1.6943622 seconds.
                    
      Regenerating: 1 file(s) changed at 2026-10-06 22:45:59
                    _tmp_serve.log
                    ...done in 1.7808799 seconds.
                    
      Regenerating: 1 file(s) changed at 2026-10-06 22:46:04
                    _tmp_serve.log
                    ...done in 1.8037392 seconds.
                    
      Regenerating: 1 file(s) changed at 2026-10-06 23:33:44
                    _includes/search-loader.html
                    ...done in 1.77046 seconds.
                    
      Regenerating: 1 file(s) changed at 2026-10-06 23:33:50
                    _tmp_serve.log
                    ...done in 1.7885407 seconds.
                    
      Regenerating: 1 file(s) changed at 2026-10-06 23:33:55
                    _tmp_serve.log
                    ...done in 1.7539009 seconds.
                    
      Regenerating: 1 file(s) changed at 2026-10-06 23:34:00
                    _tmp_serve.log
                    ...done in 1.7796603 seconds.
                    
      Regenerating: 1 file(s) changed at 2026-10-06 23:34:06
                    _tmp_serve.log
                    ...done in 1.7674023 seconds.
                    
      Regenerating: 1 file(s) changed at 2026-10-06 23:34:11
                    _tmp_serve.log
                    ...done in 1.7701837 seconds.
                    
      Regenerating: 1 file(s) changed at 2026-10-06 23:34:16
                    _tmp_serve.log
                    ...done in 1.7553681 seconds.
                    
      Regenerating: 1 file(s) changed at 2026-10-06 23:34:21
                    _tmp_serve.log
                    ...done in 1.7588292 seconds.
                    
      Regenerating: 1 file(s) changed at 2026-10-06 23:34:26
                    _tmp_serve.log
                    ...done in 1.871404 seconds.
                    
      Regenerating: 1 file(s) changed at 2026-10-06 23:34:31
                    _tmp_serve.log
                    ...done in 1.9193266 seconds.
                    
      Regenerating: 1 file(s) changed at 2026-10-06 23:34:36
                    _tmp_serve.log
                    ...done in 1.7026858 seconds.
                    
      Regenerating: 1 file(s) changed at 2026-10-06 23:34:41
                    _tmp_serve.log
                    ...done in 1.7764585 seconds.
                    
      Regenerating: 1 file(s) changed at 2026-10-06 23:34:46
                    _tmp_serve.log
                    ...done in 1.788179 seconds.
                    
      Regenerating: 1 file(s) changed at 2026-10-06 23:34:51
                    _tmp_serve.log
                    ...done in 1.726091 seconds.
                    
      Regenerating: 1 file(s) changed at 2026-10-06 23:34:56
                    _tmp_serve.log
                    ...done in 1.7004221 seconds.
                    
      Regenerating: 1 file(s) changed at 2026-10-06 23:35:01
                    _tmp_serve.log
                    ...done in 1.7741711 seconds.
                    
      Regenerating: 1 file(s) changed at 2026-10-06 23:35:06
                    _tmp_serve.log
                    ...done in 1.7115084 seconds.
                    
      Regenerating: 1 file(s) changed at 2026-10-06 23:35:11
                    _tmp_serve.log
                    ...done in 1.6982771 seconds.
                    
      Regenerating: 1 file(s) changed at 2026-10-06 23:35:16
                    _tmp_serve.log
                    ...done in 1.7361759 seconds.
                    
      Regenerating: 1 file(s) changed at 2026-10-06 23:35:21
                    _tmp_serve.log
                    ...done in 1.7537864 seconds.
                    
      Regenerating: 1 file(s) changed at 2026-10-06 23:35:26
                    _tmp_serve.log
                    ...done in 1.7822609 seconds.
                    
      Regenerating: 1 file(s) changed at 2026-10-06 23:35:31
                    _tmp_serve.log
                    ...done in 1.7891082 seconds.
                    
      Regenerating: 1 file(s) changed at 2026-10-06 23:35:37
                    _tmp_serve.log
                    ...done in 1.7217821 seconds.
                    
      Regenerating: 1 file(s) changed at 2026-10-06 23:35:42
                    _tmp_serve.log
                    ...done in 1.7635565 seconds.
                    
      Regenerating: 1 file(s) changed at 2026-10-06 23:35:47
                    _tmp_serve.log
                    ...done in 1.7259136 seconds.
                    
      Regenerating: 1 file(s) changed at 2026-10-06 23:35:52
                    _tmp_serve.log
                    ...done in 1.6807948 seconds.
                    
      Regenerating: 1 file(s) changed at 2026-10-06 23:35:57
                    _tmp_serve.log
                    ...done in 1.7568118 seconds.
                    
      Regenerating: 1 file(s) changed at 2026-10-06 23:36:02
                    _tmp_serve.log
                    ...done in 2.0165673 seconds.
                    
      Regenerating: 1 file(s) changed at 2026-10-06 23:36:07
                    _tmp_serve.log
                    ...done in 1.7249877 seconds.
                    
      Regenerating: 1 file(s) changed at 2026-10-06 23:36:12
                    _tmp_serve.log
                    ...done in 1.677595 seconds.
                    
      Regenerating: 1 file(s) changed at 2026-10-06 23:36:17
                    _tmp_serve.log
                    ...done in 1.7271595 seconds.
                    
      Regenerating: 1 file(s) changed at 2026-10-06 23:36:22
                    _tmp_serve.log
                    ...done in 1.7434492 seconds.
                    
      Regenerating: 1 file(s) changed at 2026-10-06 23:36:27
                    _tmp_serve.log
                    ...done in 1.6353688 seconds.
                    
      Regenerating: 1 file(s) changed at 2026-10-06 23:36:32
                    _tmp_serve.log
                    ...done in 1.6490273 seconds.
                    
      Regenerating: 1 file(s) changed at 2026-10-06 23:36:37
                    _tmp_serve.log
                    ...done in 1.6426565 seconds.
                    
      Regenerating: 1 file(s) changed at 2026-10-06 23:36:42
                    _tmp_serve.log
                    ...done in 1.6940099 seconds.
                    
      Regenerating: 1 file(s) changed at 2026-10-06 23:36:47
                    _tmp_serve.log
                    ...done in 1.7053699 seconds.
                    
      Regenerating: 1 file(s) changed at 2026-10-06 23:36:52
                    _tmp_serve.log
                    ...done in 1.7236391 seconds.
                    
      Regenerating: 1 file(s) changed at 2026-10-06 23:36:57
                    _tmp_serve.log
                    ...done in 1.6235699 seconds.
                    
      Regenerating: 1 file(s) changed at 2026-10-06 23:37:03
                    _tmp_serve.log
                    ...done in 1.6366225 seconds.
                    
      Regenerating: 1 file(s) changed at 2026-10-06 23:37:08
                    _tmp_serve.log
                    ...done in 1.8021676 seconds.
                    
      Regenerating: 1 file(s) changed at 2026-10-06 23:37:13
                    _tmp_serve.log
                    ...done in 1.7754683 seconds.
                    
      Regenerating: 1 file(s) changed at 2026-10-06 23:37:18
                    _tmp_serve.log
                    ...done in 1.6769256 seconds.
                    
      Regenerating: 1 file(s) changed at 2026-10-06 23:37:23
                    _tmp_serve.log
                    ...done in 1.7899335 seconds.
                    
      Regenerating: 1 file(s) changed at 2026-10-06 23:37:28
                    _tmp_serve.log
                    ...done in 1.7682728 seconds.
                    
      Regenerating: 1 file(s) changed at 2026-10-06 23:37:33
                    _tmp_serve.log
                    ...done in 1.6222064 seconds.
                    
      Regenerating: 1 file(s) changed at 2026-10-06 23:37:38
                    _tmp_serve.log
                    ...done in 1.847908 seconds.
                    
      Regenerating: 1 file(s) changed at 2026-10-06 23:37:43
                    _tmp_serve.log
                    ...done in 1.6465834 seconds.
                    
      Regenerating: 1 file(s) changed at 2026-10-06 23:37:48
                    _tmp_serve.log
                    ...done in 1.797388 seconds.
                    
      Regenerating: 1 file(s) changed at 2026-10-06 23:37:53
                    _tmp_serve.log
                    ...done in 1.7964627 seconds.
                    
      Regenerating: 1 file(s) changed at 2026-10-06 23:37:58
                    _tmp_serve.log
                    ...done in 1.9808306 seconds.
                    
      Regenerating: 1 file(s) changed at 2026-10-06 23:38:03
                    _tmp_serve.log
                    ...done in 1.8577758 seconds.
                    
      Regenerating: 1 file(s) changed at 2026-10-06 23:38:08
                    _tmp_serve.log
                    ...done in 1.7580048 seconds.
                    
      Regenerating: 1 file(s) changed at 2026-10-06 23:38:13
                    _tmp_serve.log
                    ...done in 1.6845093 seconds.
                    
      Regenerating: 1 file(s) changed at 2026-10-06 23:38:18
                    _tmp_serve.log
                    ...done in 1.8590321 seconds.
                    
      Regenerating: 1 file(s) changed at 2026-10-06 23:38:23
                    _tmp_serve.log
                    ...done in 1.8033974 seconds.
                    
      Regenerating: 1 file(s) changed at 2026-10-06 23:38:26
                    _sass/pages/_search.scss
                    ...done in 1.7790751 seconds.
                    
      Regenerating: 1 file(s) changed at 2026-10-06 23:38:28
                    _tmp_serve.log
                    ...done in 1.8154017 seconds.
                    
      Regenerating: 1 file(s) changed at 2026-10-06 23:38:34
                    _tmp_serve.log
                    ...done in 1.8567588 seconds.
                    
      Regenerating: 1 file(s) changed at 2026-10-06 23:38:39
                    _tmp_serve.log
                    ...done in 1.8498656 seconds.
                    
      Regenerating: 1 file(s) changed at 2026-10-06 23:38:44
                    _tmp_serve.log
                    ...done in 1.7442969 seconds.
                    
      Regenerating: 1 file(s) changed at 2026-10-06 23:38:49
                    _tmp_serve.log
                    ...done in 1.828018 seconds.
                    
      Regenerating: 1 file(s) changed at 2026-10-06 23:38:54
                    _tmp_serve.log
                    ...done in 1.7142071 seconds.
                    
      Regenerating: 1 file(s) changed at 2026-10-06 23:38:59
                    _tmp_serve.log
                    ...done in 1.7740841 seconds.
                    
      Regenerating: 1 file(s) changed at 2026-10-06 23:39:04
                    _tmp_serve.log
                    ...done in 1.7641256 seconds.
                    
      Regenerating: 1 file(s) changed at 2026-10-06 23:39:09
                    _tmp_serve.log
                    ...done in 1.7575966 seconds.
                    
      Regenerating: 1 file(s) changed at 2026-10-06 23:39:14
                    _tmp_serve.log
                    ...done in 1.8420347 seconds.
                    
      Regenerating: 1 file(s) changed at 2026-10-06 23:39:19
                    _tmp_serve.log
                    ...done in 1.773928 seconds.
                    
      Regenerating: 1 file(s) changed at 2026-10-06 23:39:24
                    _tmp_serve.log
                    ...done in 1.8136657 seconds.
                    
      Regenerating: 1 file(s) changed at 2026-10-06 23:39:29
                    _tmp_serve.log
                    ...done in 1.7258276 seconds.
                    
      Regenerating: 1 file(s) changed at 2026-10-06 23:39:34
                    _tmp_serve.log
                    ...done in 1.8197741 seconds.
                    
      Regenerating: 1 file(s) changed at 2026-10-06 23:39:39
                    _tmp_serve.log
                    ...done in 1.7329146 seconds.
                    
      Regenerating: 1 file(s) changed at 2026-10-06 23:39:44
                    _tmp_serve.log
                    ...done in 1.7605303 seconds.
                    
      Regenerating: 1 file(s) changed at 2026-10-06 23:39:49
                    _tmp_serve.log
                    ...done in 1.7688754 seconds.
                    
      Regenerating: 1 file(s) changed at 2026-10-06 23:39:54
                    _tmp_serve.log
                    ...done in 1.7944399 seconds.
                    
      Regenerating: 1 file(s) changed at 2026-10-06 23:39:59
                    _tmp_serve.log
                    ...done in 1.7491264 seconds.
                    
      Regenerating: 1 file(s) changed at 2026-10-06 23:40:04
                    _tmp_serve.log
                    ...done in 1.7525454 seconds.
                    
      Regenerating: 1 file(s) changed at 2026-10-06 23:40:10
                    _tmp_serve.log
                    ...done in 1.8475393 seconds.
                    
      Regenerating: 1 file(s) changed at 2026-10-06 23:40:15
                    _tmp_serve.log
                    ...done in 1.7668054 seconds.
                    
      Regenerating: 1 file(s) changed at 2026-10-06 23:40:20
                    _tmp_serve.log
                    ...done in 2.2148656 seconds.
                    
      Regenerating: 1 file(s) changed at 2026-10-06 23:40:25
                    _tmp_serve.log
                    ...done in 1.7889691 seconds.
                    
      Regenerating: 1 file(s) changed at 2026-10-06 23:40:30
                    _tmp_serve.log
                    ...done in 1.833552 seconds.
                    
      Regenerating: 1 file(s) changed at 2026-10-06 23:40:35
                    _tmp_serve.log
                    ...done in 1.7605287 seconds.
                    
      Regenerating: 1 file(s) changed at 2026-10-06 23:40:40
                    _tmp_serve.log
                    ...done in 1.8417398 seconds.
                    
      Regenerating: 1 file(s) changed at 2026-10-06 23:40:45
                    _tmp_serve.log
                    ...done in 1.7545264 seconds.
                    
      Regenerating: 1 file(s) changed at 2026-10-06 23:40:50
                    _tmp_serve.log
                    ...done in 1.7756788 seconds.
                    
      Regenerating: 1 file(s) changed at 2026-10-06 23:40:55
                    _tmp_serve.log
                    ...done in 1.7437927 seconds.
                    
      Regenerating: 1 file(s) changed at 2026-10-06 23:41:00
                    _tmp_serve.log
                    ...done in 2.0973382 seconds.
                    
      Regenerating: 1 file(s) changed at 2026-10-06 23:41:05
                    _tmp_serve.log
                    ...done in 1.8306595 seconds.
                    
      Regenerating: 1 file(s) changed at 2026-10-06 23:41:10
                    _tmp_serve.log
                    ...done in 1.7416618 seconds.
                    
      Regenerating: 1 file(s) changed at 2026-10-06 23:41:15
                    _tmp_serve.log
                    ...done in 1.8182114 seconds.
                    
      Regenerating: 1 file(s) changed at 2026-10-06 23:41:20
                    _tmp_serve.log
                    ...done in 1.675713 seconds.
                    
      Regenerating: 1 file(s) changed at 2026-10-06 23:41:25
                    _tmp_serve.log
                    ...done in 1.8030715 seconds.
                    
      Regenerating: 1 file(s) changed at 2026-10-06 23:41:30
                    _tmp_serve.log
                    ...done in 1.8469802 seconds.
                    
      Regenerating: 1 file(s) changed at 2026-10-06 23:41:36
                    _tmp_serve.log
                    ...done in 1.7676032 seconds.
                    
      Regenerating: 1 file(s) changed at 2026-10-06 23:41:41
                    _tmp_serve.log
                    ...done in 1.8179774 seconds.
                    
      Regenerating: 1 file(s) changed at 2026-10-06 23:41:46
                    _tmp_serve.log
                    ...done in 1.7984182 seconds.
                    
      Regenerating: 1 file(s) changed at 2026-10-06 23:41:51
                    _tmp_serve.log
                    ...done in 1.8204968 seconds.
                    
      Regenerating: 1 file(s) changed at 2026-10-06 23:41:56
                    _tmp_serve.log
                    ...done in 1.8447757 seconds.
                    
      Regenerating: 1 file(s) changed at 2026-10-06 23:42:01
                    _tmp_serve.log
                    ...done in 1.9777518 seconds.
                    
      Regenerating: 1 file(s) changed at 2026-10-06 23:42:06
                    _tmp_serve.log
                    ...done in 1.7969232 seconds.
                    
      Regenerating: 1 file(s) changed at 2026-10-06 23:42:11
                    _tmp_serve.log
                    ...done in 1.8300957 seconds.
                    
      Regenerating: 1 file(s) changed at 2026-10-06 23:42:16
                    _tmp_serve.log
                    ...done in 1.7895261 seconds.
                    
      Regenerating: 1 file(s) changed at 2026-10-06 23:42:21
                    _tmp_serve.log
                    ...done in 1.7934567 seconds.
                    
      Regenerating: 1 file(s) changed at 2026-10-06 23:42:26
                    _tmp_serve.log
                    ...done in 1.9335038 seconds.
                    
      Regenerating: 1 file(s) changed at 2026-10-06 23:42:28
                    _tmp_serve.log
                    ...done in 1.8232987 seconds.
                    
      Regenerating: 1 file(s) changed at 2026-10-06 23:42:31
                    _tmp_serve.log
                    ...done in 1.824738 seconds.
                    
      Regenerating: 1 file(s) changed at 2026-10-06 23:42:36
                    _tmp_serve.log
                    ...done in 1.7692905 seconds.
                    
      Regenerating: 1 file(s) changed at 2026-10-06 23:42:41
                    _tmp_serve.log
                    ...done in 1.845577 seconds.
                    
      Regenerating: 1 file(s) changed at 2026-10-06 23:42:46
                    _tmp_serve.log
                    ...done in 1.8948699 seconds.
                    
      Regenerating: 1 file(s) changed at 2026-10-06 23:42:51
                    _tmp_serve.log
                    ...done in 1.9085414 seconds.
                    
      Regenerating: 1 file(s) changed at 2026-10-06 23:42:56
                    _tmp_serve.log
                    ...done in 1.943423 seconds.
                    
      Regenerating: 1 file(s) changed at 2026-10-06 23:43:01
                    _tmp_serve.log
                    ...done in 1.831779 seconds.
                    
      Regenerating: 1 file(s) changed at 2026-10-06 23:43:07
                    _tmp_serve.log
                    ...done in 1.8532984 seconds.
                    
      Regenerating: 1 file(s) changed at 2026-10-06 23:43:12
                    _tmp_serve.log
                    ...done in 1.8722499 seconds.
                    
      Regenerating: 1 file(s) changed at 2026-10-06 23:43:17
                    _tmp_serve.log
                    ...done in 1.8271864 seconds.
                    
      Regenerating: 1 file(s) changed at 2026-10-06 23:43:22
                    _tmp_serve.log
                    ...done in 1.8837518 seconds.
                    
      Regenerating: 1 file(s) changed at 2026-10-06 23:43:27
                    _tmp_serve.log
                    ...done in 1.8313945 seconds.
                    
      Regenerating: 1 file(s) changed at 2026-10-06 23:43:32
                    _tmp_serve.log
                    ...done in 1.8821102 seconds.
                    
      Regenerating: 1 file(s) changed at 2026-10-06 23:43:37
                    _tmp_serve.log
                    ...done in 1.8771865 seconds.
                    
      Regenerating: 1 file(s) changed at 2026-10-06 23:43:42
                    _tmp_serve.log
                    ...done in 1.782803 seconds.
                    
      Regenerating: 1 file(s) changed at 2026-10-06 23:43:47
                    _tmp_serve.log
                    ...done in 1.8486807 seconds.
                    
      Regenerating: 1 file(s) changed at 2026-10-06 23:43:52
                    _tmp_serve.log
                    ...done in 1.8560765 seconds.
                    
      Regenerating: 1 file(s) changed at 2026-10-06 23:43:57
                    _tmp_serve.log
                    ...done in 1.757647 seconds.
                    
      Regenerating: 1 file(s) changed at 2026-10-06 23:44:02
                    _tmp_serve.log
                    ...done in 1.9133034 seconds.
                    
      Regenerating: 1 file(s) changed at 2026-10-06 23:44:07
                    _tmp_serve.log
                    ...done in 2.2445959 seconds.
                    
      Regenerating: 1 file(s) changed at 2026-10-06 23:44:12
                    _tmp_serve.log
                    ...done in 1.8826476 seconds.
                    
      Regenerating: 1 file(s) changed at 2026-10-06 23:44:17
                    _tmp_serve.log
                    ...done in 1.73728 seconds.
                    
      Regenerating: 1 file(s) changed at 2026-10-06 23:44:22
                    _tmp_serve.log
                    ...done in 1.8297684 seconds.
                    
      Regenerating: 1 file(s) changed at 2026-10-06 23:44:27
                    _tmp_serve.log
                    ...done in 1.7874465 seconds.
                    
      Regenerating: 1 file(s) changed at 2026-10-06 23:44:33
                    _tmp_serve.log
                    ...done in 1.9037023 seconds.
                    
      Regenerating: 1 file(s) changed at 2026-10-06 23:44:38
                    _tmp_serve.log
                    ...done in 1.9468246 seconds.
                    
      Regenerating: 1 file(s) changed at 2026-10-06 23:44:43
                    _tmp_serve.log
                    ...done in 1.9079405 seconds.
                    
      Regenerating: 1 file(s) changed at 2026-10-06 23:44:48
                    _tmp_serve.log
                    ...done in 1.8998792 seconds.
                    
      Regenerating: 1 file(s) changed at 2026-10-06 23:44:53
                    _tmp_serve.log
                    ...done in 1.9079838 seconds.
                    
      Regenerating: 1 file(s) changed at 2026-10-06 23:44:58
                    _tmp_serve.log
                    ...done in 1.827394 seconds.
                    
      Regenerating: 1 file(s) changed at 2026-10-06 23:45:03
                    _tmp_serve.log
                    ...done in 1.9194197 seconds.
                    
      Regenerating: 1 file(s) changed at 2026-10-06 23:45:05
                    _tmp_serve.log
                    ...done in 1.9308623 seconds.
                    
      Regenerating: 1 file(s) changed at 2026-10-06 23:45:08
                    _tmp_serve.log
                    ...done in 1.8363165 seconds.
                    
      Regenerating: 1 file(s) changed at 2026-10-06 23:45:13
                    _tmp_serve.log
                    ...done in 2.0112495 seconds.
                    
      Regenerating: 1 file(s) changed at 2026-10-06 23:45:18
                    _tmp_serve.log
                    ...done in 1.874187 seconds.
                    
      Regenerating: 1 file(s) changed at 2026-10-06 23:45:23
                    _tmp_serve.log
                    ...done in 1.7993619 seconds.
                    
      Regenerating: 1 file(s) changed at 2026-10-06 23:45:28
                    _tmp_serve.log
                    ...done in 1.8887974 seconds.
                    
      Regenerating: 1 file(s) changed at 2026-10-06 23:45:33
                    _tabs/resources.md
                    ...done in 1.9513357 seconds.
                    
      Regenerating: 1 file(s) changed at 2026-10-06 23:45:35
                    _tmp_serve.log
                    ...done in 1.8335892 seconds.
                    
      Regenerating: 1 file(s) changed at 2026-10-06 23:45:38
                    _tmp_serve.log
                    ...done in 1.9300689 seconds.
                    
      Regenerating: 1 file(s) changed at 2026-10-06 23:45:43
                    _tmp_serve.log
                    ...done in 1.9037164 seconds.
                    
      Regenerating: 1 file(s) changed at 2026-10-06 23:45:48
                    _tmp_serve.log
                    ...done in 1.7305707 seconds.
                    
      Regenerating: 1 file(s) changed at 2026-10-06 23:45:53
                    _tmp_serve.log
                    ...done in 1.769852 seconds.
                    
      Regenerating: 1 file(s) changed at 2026-10-06 23:45:58
                    _tmp_serve.log
                    ...done in 1.8866013 seconds.
                    
      Regenerating: 1 file(s) changed at 2026-10-06 23:46:04
                    _tmp_serve.log
                    ...done in 1.8647665 seconds.
                    
      Regenerating: 1 file(s) changed at 2026-10-06 23:46:09
                    _tmp_serve.log
                    ...done in 1.9373375 seconds.
                    
      Regenerating: 1 file(s) changed at 2026-10-06 23:46:14
                    _tmp_serve.log
                    ...done in 1.9610894 seconds.
                    
      Regenerating: 1 file(s) changed at 2026-10-06 23:46:19
                    _tmp_serve.log
                    ...done in 1.8967531 seconds.
                    
      Regenerating: 1 file(s) changed at 2026-10-06 23:46:24
                    _tmp_serve.log
                    ...done in 1.8870847 seconds.
                    
      Regenerating: 1 file(s) changed at 2026-10-06 23:46:29
                    _tmp_serve.log
                    ...done in 1.8460489 seconds.
                    
      Regenerating: 1 file(s) changed at 2026-10-06 23:46:34
                    _tmp_serve.log
                    ...done in 1.8696725 seconds.
                    
      Regenerating: 1 file(s) changed at 2026-10-06 23:46:39
                    _tmp_serve.log
                    ...done in 1.9001207 seconds.
                    
      Regenerating: 1 file(s) changed at 2026-10-06 23:46:44
                    _tmp_serve.log
                    ...done in 1.7596921 seconds.
                    
      Regenerating: 1 file(s) changed at 2026-10-06 23:46:47
                    _tabs/resources.md
                    ...done in 1.8426406 seconds.
                    
      Regenerating: 1 file(s) changed at 2026-10-06 23:46:49
                    _tmp_serve.log
                    ...done in 1.9648436 seconds.
                    
      Regenerating: 1 file(s) changed at 2026-10-06 23:46:54
                    _tmp_serve.log
                    ...done in 1.8331417 seconds.
                    
      Regenerating: 1 file(s) changed at 2026-10-06 23:46:59
                    _tmp_serve.log
                    ...done in 1.9257925 seconds.
                    
      Regenerating: 1 file(s) changed at 2026-10-06 23:47:04
                    _tmp_serve.log
                    ...done in 1.8489132 seconds.
                    
      Regenerating: 1 file(s) changed at 2026-10-06 23:47:09
                    _tmp_serve.log
                    ...done in 1.9155627 seconds.
                    
      Regenerating: 1 file(s) changed at 2026-10-06 23:47:14
                    _tmp_serve.log
                    ...done in 2.1203561 seconds.
                    
      Regenerating: 1 file(s) changed at 2026-10-06 23:47:19
                    _tmp_serve.log
                    ...done in 1.9602542 seconds.
                    
      Regenerating: 1 file(s) changed at 2026-10-06 23:47:24
                    _tmp_serve.log
                    ...done in 1.9608781 seconds.
                    
      Regenerating: 1 file(s) changed at 2026-10-06 23:47:30
                    _tmp_serve.log
                    ...done in 2.0354896 seconds.
                    
      Regenerating: 1 file(s) changed at 2026-10-06 23:47:35
                    _tmp_serve.log
                    ...done in 1.8199844 seconds.
                    
      Regenerating: 1 file(s) changed at 2026-10-06 23:47:40
                    _tmp_serve.log
                    ...done in 1.9909762 seconds.
                    
      Regenerating: 1 file(s) changed at 2026-10-06 23:47:45
                    _tmp_serve.log
                    ...done in 1.8528899 seconds.
                    
      Regenerating: 1 file(s) changed at 2026-10-06 23:47:50
                    _tmp_serve.log
                    ...done in 1.8987873 seconds.
                    
      Regenerating: 1 file(s) changed at 2026-10-06 23:47:55
                    _tmp_serve.log
                    ...done in 1.8588469 seconds.
                    
      Regenerating: 1 file(s) changed at 2026-10-06 23:48:00
                    _tmp_serve.log
                    ...done in 1.7516683 seconds.
                    
      Regenerating: 1 file(s) changed at 2026-10-06 23:48:05
                    _tmp_serve.log
                    ...done in 1.8850693 seconds.
                    
      Regenerating: 1 file(s) changed at 2026-10-06 23:48:10
                    _tmp_serve.log
                    ...done in 1.8339414 seconds.
                    
      Regenerating: 1 file(s) changed at 2026-10-06 23:48:15
                    _tmp_serve.log
                    ...done in 1.8566391 seconds.
                    
      Regenerating: 1 file(s) changed at 2026-10-06 23:48:20
                    _tmp_serve.log
                    ...done in 1.8822383 seconds.
                    
      Regenerating: 1 file(s) changed at 2026-10-06 23:48:25
                    _tmp_serve.log
                    ...done in 1.9646886 seconds.
                    
      Regenerating: 1 file(s) changed at 2026-10-06 23:48:30
                    _tmp_serve.log
                    ...done in 1.8326984 seconds.
                    
      Regenerating: 1 file(s) changed at 2026-10-06 23:48:35
                    _tmp_serve.log
                    ...done in 1.8260347 seconds.
                    
      Regenerating: 1 file(s) changed at 2026-10-06 23:48:40
                    _tmp_serve.log
[31m  Liquid Exception: No such file or directory @ dir_s_mkdir - C:/Users/User/Documents/GitHub/theonlyasdk.github.io/.jekyll-cache/Jekyll/Cache/Module/98 in C:/Users/User/Documents/GitHub/theonlyasdk.github.io/_layouts/default.html[0m
[33m             Error: No such file or directory @ dir_s_mkdir - C:/Users/User/Documents/GitHub/theonlyasdk.github.io/.jekyll-cache/Jekyll/Cache/Module/98[0m
[33m             Error: Run jekyll build --trace for more information.[0m
                    
      Regenerating: 1 file(s) changed at 2026-10-06 23:48:45
                    _tmp_serve.log
                    ...done in 1.9435631 seconds.
                    
      Regenerating: 1 file(s) changed at 2026-10-06 23:48:50
                    _tmp_serve.log
                    ...done in 1.8808578 seconds.
                    
      Regenerating: 1 file(s) changed at 2026-10-06 23:48:56
                    _tmp_serve.log
                    ...done in 1.9284857 seconds.
                    
      Regenerating: 1 file(s) changed at 2026-10-06 23:49:01
                    _tmp_serve.log
                    ...done in 1.8598487 seconds.
                    
      Regenerating: 1 file(s) changed at 2026-10-06 23:49:06
                    _tmp_serve.log
                    ...done in 1.8326045 seconds.
                    
      Regenerating: 1 file(s) changed at 2026-10-06 23:49:11
                    _tmp_serve.log
                    ...done in 1.9327001 seconds.
                    
      Regenerating: 1 file(s) changed at 2026-10-06 23:49:16
                    _tmp_serve.log
                    ...done in 1.8579361 seconds.
                    
      Regenerating: 1 file(s) changed at 2026-10-06 23:49:21
                    _tmp_serve.log
                    ...done in 1.7732821 seconds.
                    
      Regenerating: 1 file(s) changed at 2026-10-06 23:49:26
                    _tmp_serve.log
                    ...done in 1.7451002 seconds.
                    
      Regenerating: 1 file(s) changed at 2026-10-06 23:49:31
                    _tmp_serve.log
                    ...done in 1.8737545 seconds.
                    
      Regenerating: 1 file(s) changed at 2026-10-06 23:49:36
                    _tmp_serve.log
                    ...done in 1.7727956 seconds.
                    
      Regenerating: 1 file(s) changed at 2026-10-06 23:49:41
                    _tmp_serve.log
                    ...done in 1.9108768 seconds.
                    
      Regenerating: 1 file(s) changed at 2026-10-06 23:49:46
                    _tmp_serve.log
                    ...done in 1.9205796 seconds.
                    
      Regenerating: 1 file(s) changed at 2026-10-06 23:49:51
                    _tmp_serve.log
                    ...done in 1.8824655 seconds.
                    
      Regenerating: 1 file(s) changed at 2026-10-06 23:49:56
                    _tmp_serve.log
                    ...done in 2.243074 seconds.
                    
      Regenerating: 1 file(s) changed at 2026-10-06 23:50:01
                    _tmp_serve.log
                    ...done in 1.9061631 seconds.
                    
      Regenerating: 1 file(s) changed at 2026-10-06 23:50:06
                    _tmp_serve.log
                    ...done in 1.8232944 seconds.
                    
      Regenerating: 1 file(s) changed at 2026-10-06 23:50:11
                    _tmp_serve.log
                    ...done in 1.694483 seconds.
                    
      Regenerating: 1 file(s) changed at 2026-10-06 23:50:16
                    _tmp_serve.log
                    ...done in 1.8582641 seconds.
                    
      Regenerating: 1 file(s) changed at 2026-10-06 23:50:21
                    _tmp_serve.log
                    ...done in 1.6785148 seconds.
                    
      Regenerating: 1 file(s) changed at 2026-10-06 23:50:27
                    _tmp_serve.log
                    ...done in 1.9250881 seconds.
                    
      Regenerating: 1 file(s) changed at 2026-10-06 23:50:32
                    _tmp_serve.log
                    ...done in 1.806039 seconds.
                    
      Regenerating: 1 file(s) changed at 2026-10-06 23:50:37
                    _tmp_serve.log
                    ...done in 1.8111072 seconds.
                    
      Regenerating: 1 file(s) changed at 2026-10-06 23:50:42
                    _tmp_serve.log
                    ...done in 1.8370806 seconds.
                    
      Regenerating: 1 file(s) changed at 2026-10-06 23:50:47
                    _tmp_serve.log
                    ...done in 1.8461639 seconds.
                    
      Regenerating: 1 file(s) changed at 2026-10-06 23:50:52
                    _tmp_serve.log
                    ...done in 1.7882794 seconds.
                    
      Regenerating: 1 file(s) changed at 2026-10-06 23:50:54
                    _tmp_serve.log
                    ...done in 1.8690999 seconds.
                    
      Regenerating: 1 file(s) changed at 2026-10-06 23:50:57
                    _tmp_serve.log
                    ...done in 1.8732544 seconds.
                    
      Regenerating: 1 file(s) changed at 2026-10-06 23:51:02
                    _tmp_serve.log
                    ...done in 1.82322 seconds.
                    
      Regenerating: 1 file(s) changed at 2026-10-06 23:51:07
                    _tmp_serve.log
                    ...done in 1.8902426 seconds.
                    
      Regenerating: 1 file(s) changed at 2026-10-06 23:51:12
                    _tmp_serve.log
                    ...done in 1.911308 seconds.
                    
      Regenerating: 1 file(s) changed at 2026-10-06 23:51:17
                    _tmp_serve.log
                    ...done in 1.8632947 seconds.
                    
      Regenerating: 1 file(s) changed at 2026-10-06 23:51:22
                    _tmp_serve.log
                    ...done in 1.8089457 seconds.
                    
      Regenerating: 1 file(s) changed at 2026-10-06 23:51:27
                    _tmp_serve.log
                    ...done in 1.7815679 seconds.
                    
      Regenerating: 1 file(s) changed at 2026-10-06 23:51:32
                    _tmp_serve.log
                    ...done in 1.8922962 seconds.
                    
      Regenerating: 1 file(s) changed at 2026-10-06 23:51:37
                    _tmp_serve.log
                    ...done in 1.8684426 seconds.
                    
      Regenerating: 1 file(s) changed at 2026-10-06 23:51:42
                    _tmp_serve.log
                    ...done in 1.9113991 seconds.
                    
      Regenerating: 1 file(s) changed at 2026-10-06 23:51:47
                    _tmp_serve.log
                    ...done in 2.2751647 seconds.
                    
      Regenerating: 1 file(s) changed at 2026-10-06 23:51:53
                    _tmp_serve.log
                    ...done in 1.8521839 seconds.
                    
      Regenerating: 1 file(s) changed at 2026-10-06 23:51:58
                    _tmp_serve.log
                    ...done in 1.9042157 seconds.
                    
      Regenerating: 1 file(s) changed at 2026-10-06 23:52:03
                    _tmp_serve.log
                    ...done in 1.8220127 seconds.
                    
      Regenerating: 1 file(s) changed at 2026-10-06 23:52:08
                    _tmp_serve.log
                    ...done in 1.9547093 seconds.
                    
      Regenerating: 1 file(s) changed at 2026-10-06 23:52:13
                    _tmp_serve.log
                    ...done in 1.905885 seconds.
                    
      Regenerating: 1 file(s) changed at 2026-10-06 23:52:18
                    _tmp_serve.log
                    ...done in 1.7897367 seconds.
                    
      Regenerating: 1 file(s) changed at 2026-10-06 23:52:23
                    _tmp_serve.log
                    ...done in 1.8742931 seconds.
                    
      Regenerating: 1 file(s) changed at 2026-10-06 23:52:28
                    _tmp_serve.log
                    ...done in 1.8387117 seconds.
                    
      Regenerating: 1 file(s) changed at 2026-10-06 23:52:33
                    _tmp_serve.log
                    ...done in 2.008875 seconds.
                    
      Regenerating: 1 file(s) changed at 2026-10-06 23:52:38
                    _tmp_serve.log
                    ...done in 1.9201709 seconds.
                    
      Regenerating: 1 file(s) changed at 2026-10-06 23:52:43
                    _tmp_serve.log
                    ...done in 1.901545 seconds.
                    
      Regenerating: 1 file(s) changed at 2026-10-06 23:52:48
                    _tmp_serve.log
                    ...done in 1.8940213 seconds.
                    
      Regenerating: 1 file(s) changed at 2026-10-06 23:52:53
                    _tmp_serve.log
                    ...done in 1.8005394 seconds.
                    
      Regenerating: 1 file(s) changed at 2026-10-06 23:52:58
                    _tmp_serve.log
                    ...done in 1.8661032 seconds.
                    
      Regenerating: 1 file(s) changed at 2026-10-06 23:53:03
                    _tmp_serve.log
                    ...done in 1.9619047 seconds.
                    
      Regenerating: 1 file(s) changed at 2026-10-06 23:53:08
                    _tmp_serve.log
                    ...done in 1.9838928 seconds.
                    
      Regenerating: 1 file(s) changed at 2026-10-06 23:53:13
                    _tmp_serve.log
                    ...done in 1.9355642 seconds.
                    
      Regenerating: 1 file(s) changed at 2026-10-06 23:53:18
                    _tmp_serve.log
                    ...done in 1.8360441 seconds.
                    
      Regenerating: 1 file(s) changed at 2026-10-06 23:53:24
                    _tmp_serve.log
                    ...done in 1.8922443 seconds.
                    
      Regenerating: 1 file(s) changed at 2026-10-06 23:53:29
                    _tmp_serve.log
                    ...done in 1.9460471 seconds.
                    
      Regenerating: 1 file(s) changed at 2026-10-06 23:53:31
                    _tmp_serve.log
                    ...done in 1.9310755 seconds.
                    
      Regenerating: 1 file(s) changed at 2026-10-06 23:53:34
                    _tmp_serve.log
                    ...done in 1.9423476 seconds.
                    
      Regenerating: 1 file(s) changed at 2026-10-06 23:53:39
                    _tmp_serve.log
                    ...done in 1.770264 seconds.
                    
      Regenerating: 1 file(s) changed at 2026-10-06 23:53:44
                    _tmp_serve.log
                    ...done in 1.9264921 seconds.
                    
      Regenerating: 1 file(s) changed at 2026-10-06 23:53:49
                    _tmp_serve.log
                    ...done in 1.8808356 seconds.
                    
      Regenerating: 1 file(s) changed at 2026-10-06 23:53:54
                    _tmp_serve.log
                    ...done in 1.9022442 seconds.
                    
      Regenerating: 1 file(s) changed at 2026-10-06 23:53:59
                    _tmp_serve.log
                    ...done in 1.953324 seconds.
                    
      Regenerating: 1 file(s) changed at 2026-10-06 23:54:04
                    _tmp_serve.log
                    ...done in 1.807084 seconds.
                    
      Regenerating: 1 file(s) changed at 2026-10-06 23:54:09
                    _tmp_serve.log
                    ...done in 1.9522585 seconds.
                    
      Regenerating: 1 file(s) changed at 2026-10-06 23:54:14
                    _tmp_serve.log
                    ...done in 1.9599212 seconds.
                    
      Regenerating: 1 file(s) changed at 2026-10-06 23:54:19
                    _tmp_serve.log
                    ...done in 2.0258278 seconds.
                    
      Regenerating: 1 file(s) changed at 2026-10-06 23:54:24
                    _tmp_serve.log
                    ...done in 1.9006808 seconds.
                    
      Regenerating: 1 file(s) changed at 2026-10-06 23:54:29
                    _tmp_serve.log
                    ...done in 1.7938674 seconds.
                    
      Regenerating: 1 file(s) changed at 2026-10-06 23:54:34
                    _tmp_serve.log
                    ...done in 1.9252349 seconds.
                    
      Regenerating: 1 file(s) changed at 2026-10-06 23:54:39
                    _tmp_serve.log
                    ...done in 1.9931655 seconds.
                    
      Regenerating: 1 file(s) changed at 2026-10-06 23:54:44
                    _tmp_serve.log
                    ...done in 1.9612533 seconds.
                    
      Regenerating: 1 file(s) changed at 2026-10-06 23:54:49
                    _tmp_serve.log
                    ...done in 2.283617 seconds.
                    
      Regenerating: 1 file(s) changed at 2026-10-06 23:54:55
                    _tmp_serve.log
                    ...done in 1.7771497 seconds.
                    
      Regenerating: 1 file(s) changed at 2026-10-06 23:55:00
                    _tmp_serve.log
                    ...done in 1.8852767 seconds.
                    
      Regenerating: 1 file(s) changed at 2026-10-06 23:55:05
                    _tmp_serve.log
                    ...done in 1.9077385 seconds.
                    
      Regenerating: 1 file(s) changed at 2026-10-06 23:55:10
                    _tmp_serve.log
                    ...done in 1.9108658 seconds.
                    
      Regenerating: 1 file(s) changed at 2026-10-06 23:55:15
                    _tmp_serve.log
                    ...done in 1.8912084 seconds.
                    
      Regenerating: 1 file(s) changed at 2026-10-06 23:55:20
                    _tmp_serve.log
                    ...done in 1.8592264 seconds.
                    
      Regenerating: 1 file(s) changed at 2026-10-06 23:55:25
                    _tmp_serve.log
                    ...done in 1.9460858 seconds.
                    
      Regenerating: 1 file(s) changed at 2026-10-06 23:55:30
                    _tmp_serve.log
                    ...done in 1.9728288 seconds.
                    
      Regenerating: 1 file(s) changed at 2026-10-06 23:55:35
                    _tmp_serve.log
                    ...done in 1.9678075 seconds.
                    
      Regenerating: 1 file(s) changed at 2026-10-06 23:55:40
                    _tmp_serve.log
                    ...done in 1.954963 seconds.
                    
      Regenerating: 1 file(s) changed at 2026-10-06 23:55:45
                    _tmp_serve.log
                    ...done in 1.9627683 seconds.
                    
      Regenerating: 1 file(s) changed at 2026-10-06 23:55:50
                    _tmp_serve.log
                    ...done in 1.9388411 seconds.
                    
      Regenerating: 1 file(s) changed at 2026-10-06 23:55:55
                    _tmp_serve.log
                    ...done in 1.877075 seconds.
                    
      Regenerating: 1 file(s) changed at 2026-10-06 23:56:00
                    _tmp_serve.log
                    ...done in 1.984727 seconds.
                    
      Regenerating: 1 file(s) changed at 2026-10-06 23:56:05
                    _tmp_serve.log
                    ...done in 1.9811772 seconds.
                    
      Regenerating: 1 file(s) changed at 2026-10-06 23:56:10
                    _tmp_serve.log
                    ...done in 2.0158856 seconds.
                    
      Regenerating: 1 file(s) changed at 2026-10-06 23:56:15
                    _tmp_serve.log
                    ...done in 1.917692 seconds.
                    
      Regenerating: 1 file(s) changed at 2026-10-06 23:56:20
                    _tmp_serve.log
                    ...done in 1.8463079 seconds.
                    
      Regenerating: 1 file(s) changed at 2026-10-06 23:56:26
                    _tmp_serve.log
                    ...done in 1.9304544 seconds.
                    
      Regenerating: 1 file(s) changed at 2026-10-06 23:56:31
                    _tmp_serve.log
                    ...done in 1.8792324 seconds.
                    
      Regenerating: 1 file(s) changed at 2026-10-06 23:56:36
                    _tmp_serve.log
                    ...done in 1.9917274 seconds.
                    
      Regenerating: 1 file(s) changed at 2026-10-06 23:56:41
                    _tmp_serve.log
                    ...done in 1.9010347 seconds.
                    
      Regenerating: 1 file(s) changed at 2026-10-06 23:56:46
                    _tmp_serve.log
                    ...done in 1.9448852 seconds.
                    
      Regenerating: 1 file(s) changed at 2026-10-06 23:56:51
                    _tmp_serve.log
                    ...done in 1.9011301 seconds.
                    
      Regenerating: 1 file(s) changed at 2026-10-06 23:56:56
                    _tmp_serve.log
                    ...done in 1.8039672 seconds.
                    
      Regenerating: 1 file(s) changed at 2026-10-06 23:57:01
                    _tmp_serve.log
                    ...done in 1.931112 seconds.
                    
      Regenerating: 1 file(s) changed at 2026-10-06 23:57:06
                    _tmp_serve.log
                    ...done in 1.8255751 seconds.
                    
      Regenerating: 1 file(s) changed at 2026-10-06 23:57:11
                    _tmp_serve.log
                    ...done in 1.8567125 seconds.
                    
      Regenerating: 1 file(s) changed at 2026-10-06 23:57:16
                    _tmp_serve.log
                    ...done in 1.9116009 seconds.
                    
      Regenerating: 1 file(s) changed at 2026-10-06 23:57:21
                    _tmp_serve.log
                    ...done in 1.8867505 seconds.
                    
      Regenerating: 1 file(s) changed at 2026-10-06 23:57:26
                    _tmp_serve.log
                    ...done in 1.855853 seconds.
                    
      Regenerating: 1 file(s) changed at 2026-10-06 23:57:31
                    _tmp_serve.log
                    ...done in 1.8229097 seconds.
                    
      Regenerating: 1 file(s) changed at 2026-10-06 23:57:36
                    _tmp_serve.log
                    ...done in 1.8613968 seconds.
                    
      Regenerating: 1 file(s) changed at 2026-10-06 23:57:41
                    _tmp_serve.log
                    ...done in 1.750266 seconds.
                    
      Regenerating: 1 file(s) changed at 2026-10-06 23:57:46
                    _tmp_serve.log
                    ...done in 1.834436 seconds.
                    
      Regenerating: 1 file(s) changed at 2026-10-06 23:57:51
                    _tmp_serve.log
                    ...done in 1.981292 seconds.
                    
      Regenerating: 1 file(s) changed at 2026-10-06 23:57:57
                    _tmp_serve.log
                    ...done in 2.2782002 seconds.
                    
      Regenerating: 1 file(s) changed at 2026-10-06 23:58:02
                    _tmp_serve.log
                    ...done in 2.0371761 seconds.
                    
      Regenerating: 1 file(s) changed at 2026-10-06 23:58:07
                    _tmp_serve.log
                    ...done in 1.968514 seconds.
                    
      Regenerating: 1 file(s) changed at 2026-10-06 23:58:12
                    _tmp_serve.log
                    ...done in 1.9295167 seconds.
                    
      Regenerating: 1 file(s) changed at 2026-10-06 23:58:17
                    _tmp_serve.log
                    ...done in 1.9882028 seconds.
                    
      Regenerating: 1 file(s) changed at 2026-10-06 23:58:22
                    _tmp_serve.log
                    ...done in 1.8199655 seconds.
                    
      Regenerating: 1 file(s) changed at 2026-10-06 23:58:27
                    _tmp_serve.log
                    ...done in 1.8789014 seconds.
                    
      Regenerating: 1 file(s) changed at 2026-10-06 23:58:32
                    _tmp_serve.log
                    ...done in 1.8459835 seconds.
                    
      Regenerating: 1 file(s) changed at 2026-10-06 23:58:37
                    _tmp_serve.log
                    ...done in 1.936048 seconds.
                    
      Regenerating: 1 file(s) changed at 2026-10-06 23:58:42
                    _tmp_serve.log
                    ...done in 1.873228 seconds.
                    
      Regenerating: 1 file(s) changed at 2026-10-06 23:58:47
                    _tmp_serve.log
                    ...done in 1.960217 seconds.
                    
      Regenerating: 1 file(s) changed at 2026-10-06 23:58:52
                    _tmp_serve.log
                    ...done in 1.8130732 seconds.
                    
      Regenerating: 1 file(s) changed at 2026-10-06 23:58:57
                    _tmp_serve.log
                    ...done in 1.9048462 seconds.
                    
      Regenerating: 1 file(s) changed at 2026-10-06 23:59:02
                    _tmp_serve.log
                    ...done in 1.8057191 seconds.
                    
      Regenerating: 1 file(s) changed at 2026-10-06 23:59:07
                    _tmp_serve.log
                    ...done in 1.8745871 seconds.
                    
      Regenerating: 1 file(s) changed at 2026-10-06 23:59:12
                    _tmp_serve.log
                    ...done in 1.8979929 seconds.
                    
      Regenerating: 1 file(s) changed at 2026-10-06 23:59:17
                    _tmp_serve.log
                    ...done in 1.96511 seconds.
                    
      Regenerating: 1 file(s) changed at 2026-10-06 23:59:22
                    _tmp_serve.log
                    ...done in 1.8583448 seconds.
                    
      Regenerating: 1 file(s) changed at 2026-10-06 23:59:27
                    _tmp_serve.log
                    ...done in 1.8100093 seconds.
                    
      Regenerating: 1 file(s) changed at 2026-10-06 23:59:33
                    _tmp_serve.log
                    ...done in 1.9261489 seconds.
                    
      Regenerating: 1 file(s) changed at 2026-10-06 23:59:35
                    _tmp_serve.log
                    ...done in 1.7945903 seconds.
                    
      Regenerating: 1 file(s) changed at 2026-10-06 23:59:38
                    _tmp_serve.log
                    ...done in 1.9185795 seconds.
                    
      Regenerating: 1 file(s) changed at 2026-10-06 23:59:43
                    _tmp_serve.log
                    ...done in 2.013582 seconds.
                    
      Regenerating: 1 file(s) changed at 2026-10-06 23:59:48
                    _tmp_serve.log
                    ...done in 2.0084484 seconds.
                    
      Regenerating: 1 file(s) changed at 2026-10-06 23:59:53
                    _tmp_serve.log
                    ...done in 1.916724 seconds.
                    
      Regenerating: 1 file(s) changed at 2026-10-06 23:59:58
                    _tmp_serve.log
                    ...done in 1.9644996 seconds.
                    
      Regenerating: 1 file(s) changed at 2026-10-07 00:00:03
                    _tmp_serve.log
                    ...done in 1.9471474 seconds.
                    
      Regenerating: 1 file(s) changed at 2026-10-07 00:00:08
                    _tmp_serve.log
                    ...done in 1.9070835 seconds.
                    
      Regenerating: 1 file(s) changed at 2026-10-07 00:00:13
                    _tmp_serve.log
                    ...done in 1.9482731 seconds.
                    
      Regenerating: 1 file(s) changed at 2026-10-07 00:00:18
                    _tmp_serve.log
                    ...done in 1.8917242 seconds.
                    
      Regenerating: 1 file(s) changed at 2026-10-07 00:00:23
                    _tmp_serve.log
                    ...done in 1.9301741 seconds.
                    
      Regenerating: 1 file(s) changed at 2026-10-07 00:00:28
                    _tmp_serve.log
                    ...done in 1.9863318 seconds.
                    
      Regenerating: 1 file(s) changed at 2026-10-07 00:00:33
                    _tmp_serve.log
                    ...done in 1.9244769 seconds.
                    
      Regenerating: 1 file(s) changed at 2026-10-07 00:00:38
                    _tmp_serve.log
                    ...done in 1.9322238 seconds.
                    
      Regenerating: 1 file(s) changed at 2026-10-07 00:00:43
                    _tmp_serve.log
                    ...done in 1.9550248 seconds.
                    
      Regenerating: 1 file(s) changed at 2026-10-07 00:00:48
                    _tmp_serve.log
                    ...done in 2.4203626 seconds.
                    
      Regenerating: 1 file(s) changed at 2026-10-07 00:00:53
                    _tmp_serve.log
                    ...done in 2.0435899 seconds.
                    
      Regenerating: 1 file(s) changed at 2026-10-07 00:00:58
                    _tmp_serve.log
                    ...done in 1.9329081 seconds.
                    
      Regenerating: 1 file(s) changed at 2026-10-07 00:01:03
                    _tmp_serve.log
                    ...done in 1.9717293 seconds.
                    
      Regenerating: 1 file(s) changed at 2026-10-07 00:01:09
                    _tmp_serve.log
                    ...done in 1.9321848 seconds.
                    
      Regenerating: 1 file(s) changed at 2026-10-07 00:01:14
                    _tmp_serve.log
                    ...done in 1.8518604 seconds.
                    
      Regenerating: 1 file(s) changed at 2026-10-07 00:01:19
                    _tmp_serve.log
                    ...done in 1.9641244 seconds.
                    
      Regenerating: 1 file(s) changed at 2026-10-07 00:01:24
                    _tmp_serve.log
                    ...done in 1.8951967 seconds.
                    
      Regenerating: 1 file(s) changed at 2026-10-07 00:01:29
                    _tmp_serve.log
                    ...done in 1.9859464 seconds.
                    
      Regenerating: 1 file(s) changed at 2026-10-07 00:01:34
                    _tmp_serve.log
                    ...done in 1.8706955 seconds.
                    
      Regenerating: 1 file(s) changed at 2026-10-07 00:01:39
                    _tmp_serve.log
                    ...done in 1.8869135 seconds.
                    
      Regenerating: 1 file(s) changed at 2026-10-07 00:01:44
                    _tmp_serve.log
                    ...done in 1.9466131 seconds.
                    
      Regenerating: 1 file(s) changed at 2026-10-07 00:01:49
                    _tmp_serve.log
                    ...done in 1.9089913 seconds.
                    
      Regenerating: 1 file(s) changed at 2026-10-07 00:01:54
                    _tmp_serve.log
                    ...done in 2.0229787 seconds.
                    
      Regenerating: 1 file(s) changed at 2026-10-07 00:01:59
                    _tmp_serve.log
                    ...done in 1.9676397 seconds.
                    
      Regenerating: 1 file(s) changed at 2026-10-07 00:02:04
                    _tmp_serve.log
                    ...done in 2.0661973 seconds.
                    
      Regenerating: 1 file(s) changed at 2026-10-07 00:02:09
                    _tmp_serve.log
                    ...done in 1.985553 seconds.
                    
      Regenerating: 1 file(s) changed at 2026-10-07 00:02:14
                    _tmp_serve.log
                    ...done in 1.9740234 seconds.
                    
      Regenerating: 1 file(s) changed at 2026-10-07 00:02:19
                    _tmp_serve.log
                    ...done in 1.9687302 seconds.
                    
      Regenerating: 1 file(s) changed at 2026-10-07 00:02:24
                    _tmp_serve.log
                    ...done in 1.9687095 seconds.
                    
      Regenerating: 1 file(s) changed at 2026-10-07 00:02:29
                    _tmp_serve.log
                    ...done in 1.9798232 seconds.
                    
      Regenerating: 1 file(s) changed at 2026-10-07 00:02:34
                    _tmp_serve.log
                    ...done in 1.965975 seconds.
                    
      Regenerating: 1 file(s) changed at 2026-10-07 00:02:40
                    _tmp_serve.log
                    ...done in 1.838913 seconds.
                    
      Regenerating: 1 file(s) changed at 2026-10-07 00:02:45
                    _tmp_serve.log
                    ...done in 1.9451889 seconds.
                    
      Regenerating: 1 file(s) changed at 2026-10-07 00:02:50
                    _tmp_serve.log
                    ...done in 1.8651858 seconds.
                    
      Regenerating: 1 file(s) changed at 2026-10-07 00:02:55
                    _tmp_serve.log
                    ...done in 1.9630787 seconds.
                    
      Regenerating: 1 file(s) changed at 2026-10-07 00:03:00
                    _tmp_serve.log
                    ...done in 2.0445764 seconds.
                    
      Regenerating: 1 file(s) changed at 2026-10-07 00:03:05
                    _tmp_serve.log
                    ...done in 1.9701265 seconds.
                    
      Regenerating: 1 file(s) changed at 2026-10-07 00:03:10
                    _tmp_serve.log
                    ...done in 2.0677682 seconds.
                    
      Regenerating: 1 file(s) changed at 2026-10-07 00:03:15
                    _tmp_serve.log
                    ...done in 1.9108639 seconds.
                    
      Regenerating: 1 file(s) changed at 2026-10-07 00:03:20
                    _tmp_serve.log
                    ...done in 2.0104276 seconds.
                    
      Regenerating: 1 file(s) changed at 2026-10-07 00:03:25
                    _tmp_serve.log
                    ...done in 1.9615789 seconds.
                    
      Regenerating: 1 file(s) changed at 2026-10-07 00:03:30
                    _tmp_serve.log
                    ...done in 2.0118696 seconds.
                    
      Regenerating: 1 file(s) changed at 2026-10-07 00:03:35
                    _tmp_serve.log
                    ...done in 1.9682083 seconds.
                    
      Regenerating: 1 file(s) changed at 2026-10-07 00:03:40
                    _tmp_serve.log
                    ...done in 1.9801881 seconds.
                    
      Regenerating: 1 file(s) changed at 2026-10-07 00:03:45
                    _tmp_serve.log
                    ...done in 1.9961202 seconds.
                    
      Regenerating: 1 file(s) changed at 2026-10-07 00:03:50
                    _tmp_serve.log
                    ...done in 2.0056366 seconds.
                    
      Regenerating: 1 file(s) changed at 2026-10-07 00:03:55
                    _tmp_serve.log
                    ...done in 2.5860482 seconds.
                    
